busco	init_sp	init_min_len	init_max_len	rm1_50gaps_sp	rm1_50gaps_gappercent	rm1_aligned_len	rm1_aligned_gappercent	rm2_90gaps_sp	rm2_90gaps_len	rm2_90gaps_gappercent	rm3_taper_xpercent	rm4_50gaps_sp	rm4_50gaps_len	rm4_50gaps_gappercent	rm5_90gaps_sp	rm5_90gaps_len	rm5_90gaps_gappercent	treeshrink_sp	treeshrink_len	len_percent	sp_percent
100163at71240	790	28	560	778	3.844	925	50.937	778	516	12.902	0.259	742	516	10.284	742	516	10.284	742	516	55.784	95.373
100421at71240	773	46	331	771	0.168	334	17.156	771	304	9.287	0.149	745	304	7.027	745	304	7.027	740	304	91.018	95.979
100703at71240	783	32	422	780	1.888	567	41.982	780	377	13.752	0.232	731	377	10.459	731	377	10.459	728	377	66.49	93.333
101246at71240	782	25	382	782	4.244	393	16.662	782	377	13.205	0.087	746	377	10.965	746	377	10.965	746	377	95.929	95.396
101557at71240	786	35	316	786	0.596	358	25.848	786	274	4.273	0	766	274	2.508	766	274	2.508	766	274	76.536	97.455
101787at71240	793	30	348	793	4.219	371	14.805	793	345	8.44	0.044	762	345	6.002	762	345	6.002	760	345	92.992	95.839
10197at71240	800	68	1068	798	1.634	1084	7.183	798	1061	5.194	0.038	770	1061	2.898	770	1061	2.898	770	1061	97.878	96.491
102474at71240	778	43	311	778	0.748	324	15.256	778	308	10.899	0	734	308	7.603	734	308	7.603	734	308	95.062	94.344
102744at71240	804	48	745	795	0.277	1042	43.906	795	630	7.507	0.127	776	630	5.694	776	630	5.694	772	630	60.461	97.107
102906at71240	789	38	331	789	0.175	332	9.639	789	328	8.544	0.014	783	328	8.055	783	328	8.055	781	328	98.795	98.986
103022at71240	767	48	295	767	6.773	295	18.705	767	284	15.561	0.006	678	284	8.998	678	284	8.998	675	284	96.271	88.005
10314at71240	791	42	930	787	6.322	1042	23.544	787	937	15.266	0.204	756	937	12.937	756	937	12.937	755	937	89.923	95.934
103322at71240	802	109	526	800	0.5	545	18.233	800	459	3.82	0.066	796	459	3.544	796	459	3.544	796	459	84.22	99.5
103368at71240	784	28	379	784	0.276	382	13.436	784	369	10.516	0.028	734	369	6.904	734	369	6.904	734	369	96.597	93.622
103378at71240	776	41	296	776	0.604	302	11.682	776	292	8.663	0.08	735	292	5.292	735	292	5.292	731	292	96.689	94.201
103739at71240	781	31	426	781	0.42	471	16.453	781	423	7.104	0.027	752	423	5.007	752	423	5.007	751	423	89.809	96.159
103782at71240	781	25	353	781	0.925	410	31.776	781	314	11.372	0.024	737	314	7.938	737	314	7.938	734	314	76.585	93.982
103801at71240	770	21	363	770	0.764	407	17.312	770	358	6.46	0.013	748	358	4.542	748	358	4.542	747	358	87.961	97.013
104194at71240	787	49	389	786	2.987	416	25.401	786	351	11.783	0.287	767	351	10.64	767	351	10.64	765	351	84.375	97.328
104541at71240	797	30	431	797	0.224	443	14.423	797	411	8.069	0.087	767	411	5.31	767	411	5.31	765	411	92.777	95.985
104876at71240	782	52	324	776	0.572	324	6.412	776	324	6.412	0.003	752	324	4.265	752	324	4.265	751	324	100	96.778
104911at71240	782	28	310	778	4.138	312	15.575	778	308	14.481	0.191	705	308	9.226	705	308	9.226	704	308	98.718	90.488
104974at71240	798	44	503	790	1.843	534	14.952	790	497	8.64	0.097	757	497	6.008	757	497	6.008	754	497	93.071	95.443
105365at71240	800	29	482	796	2.196	813	64.794	796	322	11.66	0.82	756	322	9.39	756	322	9.39	754	322	39.606	94.724
105398at71240	767	26	348	765	2.104	360	25.634	765	304	12.005	0.022	725	304	8.768	725	304	8.768	725	304	84.444	94.771
105453at71240	782	27	339	781	0.912	351	16.768	781	330	11.713	0.172	718	330	7.143	718	330	7.143	717	330	94.017	91.805
105757at71240	776	60	385	774	0.937	417	17.338	774	386	10.772	0.35	729	386	7.81	729	386	7.81	729	386	92.566	94.186
106602at71240	763	25	293	744	8.85	342	43.488	744	268	28.243	0.109	585	268	17.278	585	268	17.278	581	268	78.363	78.091
106913at71240	786	26	335	783	3.341	344	14.072	783	333	11.342	0.344	721	333	6.639	721	333	6.639	716	333	96.802	91.443
106971at71240	785	75	433	784	0.031	433	2.968	784	430	2.292	0.152	764	430	0.871	764	430	0.871	764	430	99.307	97.449
106998at71240	793	28	662	784	3.478	833	34.154	784	623	12.032	0.363	738	623	8.712	738	623	8.712	738	623	74.79	94.133
107532at71240	785	49	358	784	0.001	370	9.668	784	354	5.659	0	781	354	5.422	781	354	5.422	781	354	95.676	99.617
107885at71240	773	41	304	771	0.026	309	9.781	771	303	8.015	0.022	756	303	6.625	756	303	6.625	753	303	98.058	97.665
108228at71240	793	35	383	793	0.145	386	3.704	793	383	2.966	0.008	780	383	1.924	780	383	1.924	780	383	99.223	98.361
108345at71240	805	95	339	805	0.043	371	16.397	805	339	8.594	0.579	769	339	6.588	769	339	6.588	769	339	91.375	95.528
108356at71240	787	41	387	786	0.447	391	11.067	786	383	9.212	0.008	761	383	7.099	761	383	7.099	761	383	97.954	96.819
108524at71240	780	27	377	769	3.431	391	15.555	769	372	11.369	0.091	726	372	7.876	726	372	7.876	726	372	95.141	94.408
108742at71240	789	223	366	789	0	388	24.74	789	312	6.474	0.007	789	312	6.481	789	312	6.481	789	312	80.412	100
109254at71240	778	23	340	777	0.335	349	12.893	777	325	6.553	0.004	739	325	3.442	739	325	3.442	739	325	93.123	95.109
10959at71240	801	64	892	801	0.335	906	4.177	801	889	2.353	0.074	783	889	0.899	783	889	0.899	783	889	98.124	97.753
10990at71240	798	46	1018	796	0.152	1063	10.608	796	1011	6.284	0.111	785	1011	5.396	785	1011	5.396	781	1011	95.108	98.116
109983at71240	784	53	349	784	0.537	376	24.442	784	302	6.094	0.34	752	302	3.804	752	301	3.516	749	301	80.053	95.536
10998at71240	801	96	1133	800	0.127	1186	12.674	800	1130	8.372	0.143	780	1130	6.994	780	1130	6.994	779	1130	95.278	97.375
10at71240	842	93	4931	837	0.229	4955	6.172	837	4935	5.797	0.055	793	4935	0.938	793	4935	0.938	793	4935	99.596	94.743
110432at71240	781	23	377	781	0.275	436	37.196	781	290	5.654	0.009	725	290	1.555	725	290	1.555	725	290	66.514	92.83
110572at71240	788	45	355	788	2.689	368	11.115	788	347	5.779	0.012	783	347	5.319	783	347	5.319	778	347	94.293	98.731
11063at71240	793	25	1143	771	5.725	1169	12.476	771	1129	9.471	0.267	752	1129	7.959	752	1129	7.959	752	1129	96.578	97.536
110758at71240	778	35	318	778	0.433	333	11.5	778	312	5.64	0.011	768	312	4.679	768	312	4.679	768	312	93.694	98.715
110801at71240	785	35	484	784	0.331	525	24.866	784	462	14.645	0.012	766	462	13.279	766	462	13.279	766	462	88	97.704
111407at71240	770	31	338	770	0.018	388	35.947	770	262	7.618	0.022	755	262	6.487	755	262	6.487	755	262	67.526	98.052
111468at71240	774	43	313	774	2.218	324	18.883	774	298	11.994	0.346	745	298	9.826	745	298	9.826	741	298	91.975	95.736
11153at71240	794	41	1024	792	0.167	1047	7.772	792	993	2.999	0.031	776	993	1.387	776	993	1.387	776	993	94.842	97.98
1115at71240	807	344	2161	805	2.867	2843	37.995	805	1882	6.63	0.27	786	1882	5.525	786	1881	5.48	786	1881	66.163	97.64
111827at71240	786	31	371	786	0.023	371	4.446	786	371	4.446	0	781	371	3.888	781	371	3.888	781	371	100	99.364
112200at71240	776	65	365	776	0.079	395	16.197	776	360	8.132	0	739	360	5.301	739	360	5.301	737	360	91.139	94.974
11226at71240	797	70	1036	790	2.649	1117	18.659	790	987	8.288	0.152	765	987	6.423	765	987	6.423	765	987	88.362	96.835
112334at71240	768	31	342	765	0.885	348	20.899	765	314	12.722	0.03	754	314	11.703	754	314	11.703	751	314	90.23	98.17
112753at71240	793	36	547	782	0.213	655	32.052	782	503	11.705	0.01	754	503	9.766	754	503	9.766	754	503	76.794	96.419
112830at71240	802	50	969	796	3.881	2664	77.7	796	843	30.742	0.205	740	843	28.31	740	843	28.31	740	843	31.644	92.965
112835at71240	788	59	317	788	0.138	335	11.435	788	313	5.261	0.051	781	313	4.716	781	313	4.716	781	313	93.433	99.112
113174at71240	793	79	673	786	1.253	708	11.795	786	661	5.564	0.335	749	661	3.16	749	661	3.16	747	661	93.362	95.038
113564at71240	782	39	682	774	2.594	839	33.87	774	680	18.978	0.103	717	680	14.833	717	680	14.833	717	680	81.049	92.636
113616at71240	782	31	295	779	5.179	337	27.931	779	280	13.785	0.104	734	280	10.229	734	280	10.229	732	280	83.086	93.967
11387at71240	795	93	867	786	1.961	878	8.867	786	875	8.555	0.001	760	875	6.427	760	875	6.427	755	875	99.658	96.056
113983at71240	769	22	318	769	0.083	322	9.468	769	317	8.042	0.013	747	317	6.569	747	317	6.569	747	317	98.447	97.139
114246at71240	776	35	324	774	0.111	342	14.307	774	306	4.381	0	765	306	3.49	765	306	3.49	764	306	89.474	98.708
114314at71240	767	56	298	767	0.071	300	22.286	767	264	11.706	0.025	752	264	10.57	752	264	10.57	751	264	88	97.914
114832at71240	798	49	793	790	2.367	1485	61.454	790	615	7.838	0.16	750	615	4.795	750	615	4.795	747	615	41.414	94.557
115194at71240	785	44	419	785	0.099	437	14.689	785	402	7.548	0.026	765	402	5.924	765	402	5.924	765	402	91.991	97.452
115322at71240	785	24	452	784	1.428	544	23.67	784	446	7.046	0.1	771	446	5.856	771	446	5.856	771	446	81.985	98.342
115480at71240	782	44	394	779	0.911	409	23.61	779	392	20.378	0.126	729	392	17.263	729	392	17.263	729	392	95.844	93.582
115665at71240	773	48	341	773	0.544	342	6.26	773	339	5.435	0	763	339	4.474	763	339	4.474	763	339	99.123	98.706
115707at71240	750	36	296	749	0.246	304	14.967	749	266	2.849	0	738	266	1.911	738	266	1.911	735	266	87.5	98.131
115938at71240	789	44	266	789	0.991	274	15.634	789	267	13.512	0.249	741	267	10.609	741	267	10.609	740	267	97.445	93.79
11597at71240	797	54	1028	792	1.349	1294	36.333	792	879	6.511	0.16	764	879	4.237	764	879	4.237	764	879	67.929	96.465
116032at71240	787	79	385	787	0	386	1.579	787	385	1.324	0	785	385	1.14	785	385	1.14	781	385	99.741	99.238
11689at71240	797	54	840	793	5.81	881	13.763	793	837	9.24	0.05	768	837	7.407	768	837	7.407	768	837	95.006	96.847
116909at71240	786	32	409	785	0.421	414	6.88	785	410	5.973	0	760	410	3.974	760	410	3.974	757	410	99.034	96.433
11764at71240	796	60	854	794	1.443	907	17.449	794	845	11.673	0.176	761	845	9.333	761	844	9.233	761	844	93.054	95.844
117781at71240	778	28	297	778	4.838	310	26.563	778	293	22.318	0	671	293	16.246	671	293	16.246	667	293	94.516	85.733
117879at71240	771	151	243	771	0	247	3.266	771	240	0.449	0	771	240	0.449	771	240	0.449	771	240	97.166	100
118248at71240	762	25	297	762	1.417	315	21.02	762	289	13.975	0.073	695	289	9.194	695	289	9.194	695	289	91.746	91.207
11837at71240	794	33	906	792	0.533	1799	59.842	792	782	8.316	0.478	769	782	6.935	769	782	6.935	767	782	43.469	96.843
118488at71240	778	35	264	778	0.157	282	30.303	778	207	5.87	0.027	735	207	2.456	735	207	2.456	734	207	73.404	94.344
1185at71240	796	84	1708	786	1.51	1715	4.349	786	1706	3.872	0.008	779	1706	3.19	779	1706	3.19	779	1706	99.475	99.109
118630at71240	794	49	287	794	0.222	313	21.877	794	252	4.183	0.006	772	252	2.52	772	252	2.52	770	252	80.511	96.977
118773at71240	770	21	459	769	0.013	546	36.823	769	401	14.879	0.005	743	401	12.375	743	401	12.375	743	401	73.443	96.619
119048at71240	795	26	481	795	5.74	492	18.099	795	439	8.752	0.591	780	439	8.064	780	439	8.064	780	439	89.228	98.113
11919at71240	795	61	760	791	0.508	777	8.651	791	759	6.493	0.054	766	759	4.471	766	759	4.471	765	759	97.683	96.713
119385at71240	799	34	506	797	3.831	536	24.939	797	434	7.518	0.045	763	434	4.796	763	434	4.796	760	434	80.97	95.358
119595at71240	772	21	342	766	2.651	365	27.267	766	334	20.616	0.036	683	334	14.874	683	334	14.874	683	334	91.507	89.164
120126at71240	777	54	317	777	0.529	328	21.115	777	314	17.608	0.006	741	314	15.177	741	314	15.177	739	314	95.732	95.109
120543at71240	797	40	337	797	0	366	24.362	797	300	8.004	0.016	778	300	6.148	778	300	6.148	778	300	81.967	97.616
120594at71240	773	33	359	761	7.116	457	45.99	761	359	31.426	0.123	608	359	23.411	608	359	23.411	608	359	78.556	79.895
120821at71240	779	47	279	779	3.028	288	14.343	779	273	9.702	0.234	762	273	8.47	762	273	8.47	762	273	94.792	97.818
120837at71240	776	54	297	776	0.123	297	7.154	776	297	7.154	0	754	297	5.412	754	297	5.412	754	297	100	97.165
120858at71240	789	143	421	789	0	450	20.841	789	418	14.885	0.008	783	418	14.547	783	418	14.547	783	418	92.889	99.24
120938at71240	794	44	405	794	0	406	1.675	794	403	0.96	0	786	403	0.075	786	403	0.075	786	403	99.261	98.992
121160at71240	769	28	300	767	0.954	301	26.865	767	238	8.04	0.06	714	238	3.862	714	238	3.862	714	238	79.07	93.09
121242at71240	782	35	363	772	9.272	416	46.808	772	294	25.433	0.355	682	294	20.444	682	294	20.444	682	294	70.673	88.342
121526at71240	775	28	380	775	0.336	404	12.209	775	378	6.236	0.048	758	378	4.937	758	378	4.937	758	378	93.564	97.806
121566at71240	774	21	251	774	0.172	252	12.379	774	250	11.688	0	760	250	10.439	760	250	10.439	757	250	99.206	97.804
121733at71240	778	26	366	778	0.109	408	22.609	778	331	4.997	0.432	754	331	3.3	754	331	3.3	751	331	81.127	96.53
121795at71240	786	37	681	786	2.253	844	54.856	786	458	17.274	0.089	731	458	13.574	731	458	13.574	728	458	54.265	92.621
122333at71240	792	34	421	792	8.006	605	53.657	792	334	16.639	0.071	752	334	13.926	752	334	13.926	752	334	55.207	94.949
12252at71240	801	47	1071	801	1.332	1099	10.663	801	1013	3.146	0.347	788	1013	2.327	788	1013	2.327	788	1013	92.175	98.377
122905at71240	781	23	337	780	3.706	359	43.071	780	276	25.995	0.248	761	276	25.034	761	276	25.034	758	276	76.88	97.179
123273at71240	776	40	319	775	2.038	364	29.455	775	316	19.14	0.011	697	316	14.009	697	316	14.009	697	316	86.813	89.935
123627at71240	770	30	222	770	0.455	223	14.032	770	214	10.448	0.12	738	214	8.283	738	214	8.283	738	214	95.964	95.844
123947at71240	766	23	252	766	1.497	258	15.753	766	247	12.027	0.497	728	247	9.932	728	247	9.932	728	247	95.736	95.039
124052at71240	783	127	293	783	0.035	296	8.181	783	292	6.968	0.346	750	292	5.252	750	292	5.252	750	292	98.649	95.785
124200at71240	782	25	310	781	3.302	334	20.7	781	306	13.506	0.027	760	306	11.751	760	306	11.751	760	306	91.617	97.311
124828at71240	785	31	394	785	0.682	420	25.55	785	389	19.732	0.378	753	389	18.083	753	389	18.083	750	389	92.619	95.541
124914at71240	788	37	275	788	1.659	285	14.772	788	274	11.372	0.052	714	274	6.462	714	274	6.462	710	274	96.14	90.102
124981at71240	796	49	419	796	0.372	574	41.066	796	407	17.175	0.357	744	407	13.826	744	407	13.826	743	407	70.906	93.342
125170at71240	784	33	279	784	0.643	289	16.982	784	280	14.34	0.082	741	280	11.322	741	280	11.322	739	280	96.886	94.26
125595at71240	777	38	357	777	2.637	359	12.825	777	345	9.564	0	714	345	4.968	714	345	4.968	714	345	96.1	91.892
125601at71240	774	56	285	774	0.513	389	40.402	774	285	19.859	0.339	737	285	17.686	737	285	17.686	737	285	73.265	95.22
12607at71240	806	35	975	794	2.108	1030	18.277	794	922	8.742	0.193	768	922	6.585	768	922	6.585	768	922	89.515	96.725
126119at71240	779	21	304	779	0.799	311	10.781	779	304	8.764	0.107	734	304	5.073	734	304	5.073	734	304	97.749	94.223
126158at71240	783	28	242	782	0.431	258	17.747	782	230	7.898	0.175	757	230	6.035	757	230	6.035	757	230	89.147	96.803
126341at71240	779	121	308	779	0.02	327	16.485	779	277	1.724	0.035	776	277	1.552	776	277	1.552	770	277	84.709	98.845
127152at71240	772	111	301	772	0.038	301	2.103	772	300	1.777	0	761	300	1	761	300	1	760	300	99.668	98.446
127488at71240	785	77	279	785	0.036	290	22.129	785	233	3.113	0.058	775	233	2.503	775	233	2.503	775	233	80.345	98.726
127633at71240	789	86	327	789	0.094	360	32.413	789	249	2.394	0.334	785	249	2.419	785	249	2.419	785	249	69.167	99.493
128137at71240	774	39	283	772	1.832	313	26.354	772	260	12.402	0.014	692	260	6.45	692	260	6.45	692	260	83.067	89.637
128248at71240	791	33	551	789	2.855	565	15.896	789	506	6.164	0.123	775	506	5.043	775	506	5.043	772	506	89.558	97.845
128474at71240	784	26	406	784	0.516	462	20.307	784	401	8.297	0.114	745	401	5.281	745	401	5.281	745	401	86.797	95.026
128480at71240	768	24	254	768	0.534	260	21.268	768	235	13.764	0.134	719	235	10.064	719	235	10.064	719	235	90.385	93.62
128638at71240	778	48	459	778	2.536	489	34.083	778	441	27.214	0.014	692	441	22.533	692	441	22.533	690	441	90.184	88.689
129014at71240	766	39	238	766	0.625	243	17.551	766	222	10.246	0	684	222	4.341	684	222	4.341	684	222	91.358	89.295
1291at71240	799	56	1894	783	2.227	2460	35.127	783	1734	8.126	0.172	772	1734	7.354	772	1734	7.354	769	1734	70.488	98.212
129258at71240	774	22	294	771	4.851	320	30.806	771	283	21.84	0.25	627	283	13.093	627	283	13.093	625	283	88.438	81.064
129503at71240	773	29	294	772	0.89	308	14.022	772	292	9.423	0	736	292	6.416	736	292	6.416	733	292	94.805	94.948
129792at71240	732	25	308	730	0.353	322	13.38	730	300	7.092	0.278	710	300	5.306	710	300	5.306	707	300	93.168	96.849
129802at71240	772	21	341	757	4.912	347	29.622	757	301	18.888	0.069	668	301	11.816	668	301	11.816	667	301	86.744	88.111
130059at71240	756	52	223	756	0.077	223	2.756	756	223	2.756	0	736	223	1.24	736	223	1.24	733	223	100	96.958
130069at71240	774	60	267	774	1.018	277	13.544	774	264	9.37	0.003	725	264	5.583	725	264	5.583	725	264	95.307	93.669
130836at71240	779	36	289	779	0.055	304	8.687	779	286	2.968	0	768	286	2.058	768	286	2.058	768	286	94.079	98.588
1308at71240	798	112	1593	794	0.417	1666	8.257	794	1571	2.757	0.002	787	1571	2.064	787	1571	2.064	786	1571	94.298	98.992
131302at71240	781	65	244	781	0.002	248	13.842	781	238	10.285	0.407	756	238	8.965	756	238	8.965	756	238	95.968	96.799
131361at71240	784	53	554	783	0.376	888	47.517	783	564	18.126	0.186	762	564	16.903	762	564	16.903	762	564	63.514	97.318
131540at71240	791	45	485	790	2.815	615	44.54	790	405	16.176	0.013	723	405	11.382	723	405	11.382	723	405	65.854	91.519
131739at71240	777	41	314	776	0.619	384	32.832	776	311	17.248	0.099	746	311	15.011	746	311	15.011	746	311	80.99	96.134
13180at71240	796	59	1136	792	1.068	1236	12.388	792	1131	4.393	0.069	769	1131	2.584	769	1131	2.584	769	1131	91.505	97.096
132048at71240	789	27	541	789	2.481	547	8.847	789	541	7.839	0.005	770	541	6.268	770	541	6.268	770	541	98.903	97.592
13273at71240	789	106	843	789	0.345	846	3.756	789	840	3.079	0.01	783	840	2.644	783	840	2.644	783	840	99.291	99.24
133123at71240	783	68	274	783	0.231	321	21.23	783	270	6.586	0	731	270	2.905	731	270	2.905	731	270	84.112	93.359
133219at71240	773	45	240	773	0.035	268	19.302	773	239	9.582	0.822	764	239	9.7	764	239	9.7	761	239	89.179	98.448
13359at71240	798	36	1509	796	1.123	1617	17.892	796	1492	11.204	0.027	784	1492	10.198	784	1492	10.198	784	1492	92.27	98.492
133645at71240	761	26	275	761	5.538	310	34.567	761	227	11.251	0.022	699	227	6.201	699	227	6.201	699	227	73.226	91.853
133719at71240	775	29	240	775	1.163	253	22.785	775	230	15.176	0.01	724	230	11.36	724	230	11.36	723	230	90.909	93.29
133821at71240	778	32	284	777	0.346	295	11.72	777	280	7.142	0.154	737	280	3.978	737	280	3.978	737	280	94.915	94.852
133858at71240	779	56	305	779	0.225	309	6.584	779	298	3.199	0.012	757	298	1.337	757	298	1.337	755	298	96.44	96.919
133860at71240	805	267	1211	805	0.562	2931	73.917	805	809	6.416	0.224	798	809	6.156	798	809	6.156	798	809	27.602	99.13
134190at71240	508	20	304	508	0.617	529	69.33	508	183	12.392	0.57	473	183	8.836	473	183	8.836	471	183	34.594	92.717
134207at71240	780	57	355	780	0.015	395	14.096	780	354	4.532	0.811	774	354	4.816	774	354	4.816	774	354	89.62	99.231
13429at71240	800	45	890	795	3.041	902	8.715	795	890	7.498	0.103	763	890	5.027	763	890	5.027	762	890	98.67	95.849
134449at71240	790	69	361	790	0.278	370	8.642	790	359	5.869	0	755	359	2.994	755	359	2.994	755	359	97.027	95.57
134486at71240	787	23	383	785	1.705	385	24.564	785	324	11.212	0.103	764	324	9.507	764	324	9.507	761	324	84.156	96.943
135371at71240	780	36	229	779	5.015	241	32.362	779	194	16.177	0.005	665	194	8.578	665	194	8.578	665	194	80.498	85.366
135517at71240	780	24	205	780	0.112	221	16.874	780	192	4.589	0.057	775	192	4.169	775	192	4.169	773	192	86.878	99.103
135538at71240	763	31	303	759	1.111	331	27.563	759	302	20.718	0.029	677	302	14.728	677	302	14.728	677	302	91.239	89.196
136146at71240	795	59	234	795	0.297	253	21.738	795	208	4.863	0.01	790	208	4.473	790	208	4.473	790	208	82.213	99.371
137012at71240	783	40	275	783	0.64	275	5.388	783	275	5.388	0.123	740	275	1.852	740	275	1.852	740	275	100	94.508
137014at71240	766	61	296	766	0.127	327	25.535	766	267	8.926	0.013	740	267	6.92	740	267	6.92	738	267	81.651	96.345
137399at71240	793	58	519	793	2.181	594	19.926	793	507	6.38	0.01	754	507	3.601	754	507	3.601	754	507	85.354	95.082
137590at71240	775	48	235	775	0.026	241	32.482	775	171	6.447	0	762	171	5.43	762	171	5.43	762	171	70.954	98.323
137749at71240	772	88	236	772	0	239	3.304	772	233	0.886	0	771	233	0.806	771	233	0.806	767	233	97.49	99.352
137964at71240	765	35	229	765	1.375	237	26.01	765	199	13.308	0.016	704	199	8.895	704	197	8.071	702	197	83.122	91.765
138154at71240	781	34	320	781	0.911	418	47.927	781	305	29.287	0.13	656	305	23.316	656	305	23.316	654	305	72.967	83.739
13836at71240	719	37	907	719	0.024	946	17.674	719	792	2.312	0.326	695	792	0.235	695	792	0.235	695	792	83.721	96.662
138439at71240	780	28	243	780	3.759	272	31.132	780	208	10.656	0.114	755	208	8.668	755	208	8.668	755	208	76.471	96.795
138962at71240	780	45	319	748	0.514	332	13.552	748	315	9.007	0.357	707	315	5.745	707	315	5.745	707	315	94.88	94.519
139010at71240	777	30	332	777	0.232	379	28.788	777	313	14.32	0	720	313	11.112	720	313	11.112	720	313	82.586	92.664
139195at71240	779	24	273	779	0.216	297	20.639	779	267	11.756	0.032	767	267	10.941	767	267	10.941	766	267	89.899	98.331
139365at71240	769	27	223	769	0.186	227	7.579	769	223	5.923	0	742	223	3.975	742	223	3.975	742	223	98.238	96.489
139689at71240	782	19	254	782	5.723	257	31.821	782	210	16.912	0.019	753	210	15.017	753	210	15.017	747	210	81.712	95.524
139835at71240	787	34	321	787	0.164	341	23.099	787	324	19.166	0.035	733	324	16.467	733	324	16.467	733	324	95.015	93.139
139885at71240	780	30	259	780	0.633	300	28.703	780	253	16.243	0.062	710	253	12.398	710	253	12.398	706	253	84.333	90.513
140313at71240	772	24	217	772	8.781	228	37.557	772	177	19.923	0.053	676	177	13.258	676	177	13.258	675	177	77.632	87.435
140331at71240	782	46	328	782	0.048	347	21.569	782	296	8.486	0.177	755	296	6.906	755	296	6.906	755	296	85.303	96.547
140463at71240	794	23	258	789	1.733	268	24.257	789	253	19.88	0.502	745	253	17.062	745	253	17.062	740	253	94.403	93.79
141255at71240	786	45	317	786	0.295	423	47.57	786	338	35.108	0.339	731	338	33.238	731	338	33.238	728	338	79.905	92.621
142133at71240	769	34	298	769	11.174	303	21.373	769	293	18.761	0.047	692	293	13.46	692	293	13.46	692	293	96.7	89.987
14240at71240	799	75	1199	795	0.217	1647	31.529	795	1207	7.511	0.068	779	1207	6.172	779	1207	6.172	779	1207	73.285	97.987
142539at71240	786	19	220	785	0.157	247	15.6	785	219	4.884	0.079	761	219	3.129	761	219	3.129	761	219	88.664	96.943
142591at71240	766	80	249	766	0.194	272	26.931	766	207	4.117	0	750	207	2.913	750	207	2.913	750	207	76.103	97.911
142647at71240	782	92	300	782	0.038	307	9.16	782	292	4.647	0	746	292	2.368	746	292	2.368	746	292	95.114	95.396
142714at71240	786	18	319	773	4.722	402	41.769	773	301	22.905	0.193	689	301	17.325	689	301	17.325	688	301	74.876	89.004
143055at71240	783	45	215	783	0.075	225	26.016	783	212	21.603	0.083	748	212	19.277	748	212	19.277	744	212	94.222	95.019
14307at71240	793	46	915	779	4.33	1014	22.804	779	896	13.038	0.173	743	896	10.442	743	896	10.442	740	896	88.363	94.994
143087at71240	779	41	281	779	0.246	290	14.513	779	278	10.848	0	738	278	7.619	738	278	7.619	738	278	95.862	94.737
143164at71240	807	53	249	806	6.108	273	36.817	806	206	16.431	0.193	681	206	7.949	681	206	7.949	681	206	75.458	84.491
144024at71240	770	30	206	770	0.3	216	14.741	770	204	9.808	0	675	204	3.822	675	204	3.822	675	204	94.444	87.662
144026at71240	783	70	381	783	0.108	393	13.814	783	376	9.993	0.003	776	376	9.468	776	376	9.468	776	376	95.674	99.106
144655at71240	778	52	297	778	0.724	304	15.381	778	273	5.858	0.176	757	273	4.431	757	273	4.431	757	273	89.803	97.301
146268at71240	310	32	230	310	0.216	235	46.625	310	226	44.625	0.051	80	226	4.027	80	225	3.617	80	225	95.745	25.806
147518at71240	740	27	188	740	0.386	188	7.389	740	186	6.395	0	711	186	4.018	711	186	4.018	711	186	98.936	96.081
147576at71240	764	44	230	764	0.001	237	13.756	764	227	10.015	0.012	760	227	9.707	760	227	9.707	760	227	95.781	99.476
14779at71240	802	43	951	794	0.901	996	10.455	794	939	5.136	0.069	767	939	2.843	767	939	2.843	765	939	94.277	96.348
148197at71240	763	35	287	763	0.009	309	13.359	763	284	5.973	0.006	753	284	4.964	753	284	4.964	753	284	91.909	98.689
148579at71240	750	30	164	750	0.304	173	12.903	750	164	8.151	0	706	164	5.269	706	164	5.269	705	164	94.798	94
14960at71240	753	110	838	753	0.001	841	11.141	753	805	7.307	0.001	750	805	7.027	750	805	7.027	750	805	95.719	99.602
1506at71240	801	111	1575	799	1.001	1591	4.318	799	1572	3.179	0.1	793	1572	2.71	793	1572	2.71	793	1572	98.806	99.249
150796at71240	779	44	205	779	0.001	208	9.962	779	204	8.218	0.035	777	204	8.076	777	204	8.076	774	204	98.077	99.358
151139at71240	768	27	284	768	0.036	336	31.034	768	278	16.798	0	684	278	7.957	684	278	7.957	684	278	82.738	89.062
15114at71240	803	21	1236	791	2.301	1439	27.89	791	1197	13.43	0.265	741	1197	9.967	741	1197	9.967	739	1197	83.183	93.426
151383at71240	766	62	188	766	0.046	192	16.16	766	163	2.676	0.01	746	163	1.096	746	163	1.096	746	163	84.896	97.389
15178at71240	795	31	870	795	1.363	917	18.528	795	863	13.657	0.023	771	863	11.907	771	863	11.907	768	863	94.111	96.604
152660at71240	782	65	265	782	0.037	279	16.571	782	265	12.3	0.013	771	265	11.452	771	265	11.452	771	265	94.982	98.593
15341at71240	798	51	904	797	0.826	1018	22.736	797	930	15.59	0.155	769	930	13.665	769	930	13.665	769	930	91.356	96.487
153887at71240	770	48	249	770	1.048	258	21.151	770	220	8.622	0.045	759	220	7.819	759	220	7.819	756	220	85.271	98.182
15457at71240	792	30	834	779	6.754	856	15.662	779	830	13.047	0.043	729	830	8.941	729	830	8.941	727	830	96.963	93.325
154748at71240	776	155	184	776	0	184	0.029	776	184	0.029	0	776	184	0.029	776	184	0.029	776	184	100	100
155741at71240	759	34	232	759	0.387	238	21.477	759	226	17.406	0	648	226	9.821	648	226	9.821	647	226	94.958	85.244
156067at71240	772	29	178	772	0.755	189	16.805	772	173	9.24	0.058	726	173	6.116	726	173	6.116	726	173	91.534	94.041
156100at71240	781	32	245	781	0.001	250	3.729	781	245	1.767	0.009	776	245	1.278	776	245	1.278	776	245	98	99.36
156266at71240	769	105	212	769	0.005	239	21.08	769	212	11.046	0.015	768	212	11.009	768	212	11.009	768	212	88.703	99.87
15628at71240	797	71	989	793	0.284	1040	13.893	793	931	4.234	0.033	773	931	2.562	773	931	2.562	771	931	89.519	97.226
156328at71240	772	86	221	772	0	230	9.791	772	210	1.369	0.041	771	210	1.333	771	210	1.333	771	210	91.304	99.87
156724at71240	750	20	167	750	0.339	172	13.965	750	167	11.396	0.013	705	167	7.474	705	167	7.474	705	167	97.093	94
156871at71240	776	41	263	776	0.032	271	13.417	776	249	5.797	0.046	769	249	5.205	769	249	5.205	767	249	91.882	98.84
1578at71240	801	148	1855	788	3.813	2175	23.815	788	1852	10.774	0.184	766	1852	9.302	766	1852	9.302	764	1852	85.149	96.954
158133at71240	748	44	154	748	0	168	17.925	748	153	9.904	0.086	745	153	9.764	745	153	9.764	744	153	91.071	99.465
158422at71240	505	73	201	505	0.002	202	3.043	505	199	1.607	0.018	498	199	0.824	498	199	0.824	498	199	98.515	98.614
158630at71240	762	42	203	761	1.206	203	14.762	761	195	11.346	0	654	195	4.032	654	195	4.032	652	195	96.059	85.677
158673at71240	767	33	191	767	0.753	191	10.593	767	191	10.593	0.145	721	191	7.451	721	191	7.451	720	191	100	93.872
158738at71240	758	30	139	758	0.005	139	5.652	758	139	5.652	0	743	139	4.206	743	139	4.206	742	139	100	97.889
1589at71240	800	237	1432	799	0.115	1432	3.829	799	1432	3.829	0.009	792	1432	3.273	792	1432	3.273	789	1432	100	98.748
15904at71240	794	23	805	783	3.049	826	17.582	783	752	9.597	0.245	729	752	5.291	729	752	5.291	729	752	91.041	93.103
15922at71240	796	65	774	794	0.286	777	5.949	794	768	4.849	0	774	768	3.158	774	768	3.158	774	768	98.842	97.481
159994at71240	767	148	254	767	0.008	254	6.063	767	252	5.348	0	767	252	5.348	767	252	5.348	767	252	99.213	100
160132at71240	761	92	197	761	0	198	1.717	761	196	0.715	0	760	196	0.646	760	196	0.646	760	196	98.99	99.869
160355at71240	784	58	415	784	0.326	425	13.505	784	380	3.3	0.023	758	380	1.257	758	380	1.257	758	380	89.412	96.684
16099at71240	786	36	741	750	9.969	814	30.164	750	722	21.402	0.145	671	722	15.767	671	722	15.767	667	722	88.698	88.933
16104at71240	787	39	827	783	3.778	832	12.467	783	777	6.683	0.003	760	777	4.545	760	777	4.545	760	777	93.389	97.063
161679at71240	780	39	195	780	0.02	209	15.828	780	191	7.947	0.35	742	191	5.735	742	191	5.735	741	191	91.388	95
162960at71240	774	24	220	774	0.8	242	34.37	774	215	26.297	0.014	713	215	23.125	713	215	23.125	713	215	88.843	92.119
163381at71240	659	28	121	659	10.292	121	41.414	659	104	32.956	0.111	423	104	16.326	423	104	16.326	423	104	85.95	64.188
163503at71240	760	42	170	760	0.016	170	19.275	760	139	2.716	0.011	736	139	0.896	736	139	0.896	736	139	81.765	96.842
164300at71240	789	58	311	789	0.259	422	37.916	789	308	15.242	0.479	747	308	12.924	747	308	12.924	747	308	72.986	94.677
164593at71240	777	101	179	777	0	179	4.922	777	178	4.401	0	777	178	4.401	777	178	4.401	773	178	99.441	99.485
165178at71240	794	20	139	794	4.176	143	28.877	794	136	25.227	0	701	136	18.173	701	136	18.173	699	136	95.105	88.035
165371at71240	765	33	190	765	0.056	204	25.7	765	162	7.208	0	748	162	5.949	748	162	5.949	748	162	79.412	97.778
165499at71240	770	39	204	770	0.079	210	28.231	770	171	11.895	0.013	736	171	9.202	736	171	9.202	734	171	81.429	95.325
165776at71240	758	47	200	758	2.924	223	26.712	758	189	13.717	0.325	730	189	11.854	730	189	11.854	730	189	84.753	96.306
167010at71240	702	39	199	702	0.019	196	41.596	702	126	9.237	0.086	690	126	8.294	690	126	8.294	686	126	64.286	97.721
16713at71240	798	49	1011	796	3.495	2255	69.693	796	738	7.702	0.313	771	738	5.908	771	738	5.908	769	738	32.727	96.608
16726at71240	803	58	952	791	6.119	1055	20.252	791	948	11.384	0.101	755	948	8.644	755	948	8.644	755	948	89.858	95.449
1674at71240	799	51	1938	786	3.67	2499	43.01	786	1555	8.636	0.101	768	1555	7.19	768	1555	7.19	768	1555	62.225	97.71
16750at71240	792	30	868	782	4.235	1002	32.481	782	824	18.811	0.19	739	824	16.182	739	824	16.182	739	824	82.236	94.501
167547at71240	761	32	209	761	0.11	218	12.464	761	206	7.486	0	752	206	6.768	752	206	6.768	752	206	94.495	98.817
168352at71240	778	140	176	778	0	182	17.349	778	153	1.984	0	778	153	1.984	778	153	1.984	778	153	84.066	100
168375at71240	770	35	114	770	0.001	122	16.665	770	118	13.851	0.132	744	118	12.354	744	118	12.354	743	118	96.721	96.494
168628at71240	757	47	175	757	0.043	176	9.044	757	174	8	0	753	174	7.673	753	174	7.673	751	174	98.864	99.207
168668at71240	763	42	160	763	0.121	160	10.691	763	154	7.23	0.044	729	154	4.732	729	154	4.732	727	154	96.25	95.282
169742at71240	756	40	164	756	0.174	167	23.649	756	158	19.325	0.018	683	158	14.203	683	158	14.203	683	158	94.611	90.344
16982at71240	794	96	764	794	0.309	766	11.686	794	760	10.999	0.217	774	760	9.67	774	760	9.67	774	760	99.217	97.481
170123at71240	754	51	147	754	0.024	149	11.204	754	146	9.387	0	684	146	4.109	684	146	4.109	684	146	97.987	90.716
17185at71240	796	80	983	792	5.78	1047	16.648	792	961	9.382	0.028	755	961	6.436	755	961	6.436	755	961	91.786	95.328
171987at71240	748	45	200	748	0	201	6.404	748	189	0.696	0.047	744	189	0.335	744	189	0.335	744	189	94.03	99.465
172939at71240	729	63	186	729	0.015	193	10.048	729	183	5.219	0.017	727	183	5.073	727	183	5.073	727	183	94.819	99.726
173601at71240	684	44	82	684	0	82	0.92	684	82	0.92	0	684	82	0.92	684	82	0.92	684	82	100	100
17500at71240	785	38	821	777	5.313	854	14.145	777	820	10.601	0.039	733	820	6.99	733	820	6.99	733	820	96.019	94.337
175270at71240	673	40	248	673	0.568	270	18.79	673	245	10.589	0.326	623	245	6.358	623	245	6.358	621	245	90.741	92.273
17552at71240	789	53	1010	785	2.929	1032	9.274	785	1013	7.58	0.044	778	1013	6.945	778	1013	6.945	778	1013	98.159	99.108
175790at71240	770	38	202	770	6.177	206	25.792	770	202	24.336	0	668	202	17.957	668	202	17.957	668	202	98.058	86.753
176807at71240	668	37	121	668	0.037	162	38.639	668	113	12.946	0	663	113	12.578	663	113	12.578	662	113	69.753	99.102
17682at71240	790	40	884	765	7.804	1048	31.518	765	894	20.015	0.175	719	894	16.858	719	894	16.858	715	894	85.305	93.464
177200at71240	763	61	165	763	0.051	165	15.358	763	165	15.358	0	657	165	9.097	657	165	9.097	657	165	100	86.107
178819at71240	743	70	100	743	0	100	1.429	743	99	0.439	0	743	99	0.439	743	99	0.439	739	99	99	99.462
179130at71240	759	63	245	759	0.006	275	16.832	759	236	3.384	0.012	757	236	3.239	757	236	3.239	757	236	85.818	99.736
17at71240	941	156	4765	937	0.826	4869	18.042	937	4761	16.206	0.646	789	4761	2.232	789	4761	2.232	789	4761	97.782	84.205
18703at71240	797	111	982	797	1.005	985	3.857	797	982	3.569	0.018	778	982	1.949	778	982	1.949	778	982	99.695	97.616
18791at71240	794	47	941	788	0.749	1035	14.704	788	949	7.04	0.033	780	949	6.293	780	949	6.293	780	949	91.691	98.985
19175at71240	804	37	900	802	1.135	948	13.091	802	877	6.255	0.032	774	877	4.238	774	877	4.238	773	877	92.511	96.384
19271at71240	799	46	1228	791	2.532	1309	13.202	791	1263	10.079	0.052	766	1263	8.127	766	1263	8.127	766	1263	96.486	96.839
1950at71240	838	70	1668	826	1.728	1731	11.26	826	1664	7.785	0.866	770	1664	3.636	770	1663	3.582	770	1663	96.072	93.22
19625at71240	805	41	1478	802	1.746	2665	52.043	802	1393	9.035	0.402	783	1393	8.02	783	1393	8.02	781	1393	52.27	97.382
19695at71240	795	51	724	795	0.181	774	15.969	795	691	5.978	0.826	777	691	5.337	777	688	4.926	774	688	88.889	97.358
19733at71240	804	31	791	787	1.44	1148	45.719	787	674	7.8	0.386	763	674	6.235	763	674	6.235	759	674	58.711	96.442
19833at71240	794	50	816	794	0.29	861	17.22	794	802	11.324	0.149	787	802	10.848	787	802	10.848	785	802	93.148	98.866
19871at71240	805	42	766	798	2.511	798	17.344	798	705	6.555	0.166	765	705	3.736	765	705	3.736	762	705	88.346	95.489
2045at71240	798	47	1334	768	5.304	1544	24.815	768	1337	13.349	0.278	735	1337	10.762	735	1337	10.762	731	1337	86.593	95.182
204at71240	804	70	2786	787	2.467	3097	15.519	787	2798	6.876	0.09	779	2798	6.3	779	2798	6.3	779	2798	90.345	98.983
20742at71240	804	44	740	794	1.404	919	30.252	794	738	13.232	0.232	769	738	11.676	769	738	11.676	769	738	80.305	96.851
20830at71240	801	88	1105	796	0.526	1199	18.619	796	1077	9.492	0.163	772	1077	7.613	772	1077	7.613	771	1077	89.825	96.859
21302at71240	797	178	811	797	0.01	834	3.657	797	808	0.583	0.007	793	808	0.249	793	808	0.249	791	808	96.882	99.247
21421at71240	795	44	727	795	0.249	813	27.914	795	681	14.009	0.03	785	681	13.269	785	681	13.269	781	681	83.764	98.239
21443at71240	792	33	766	790	0.795	781	9.141	790	769	7.763	0.247	762	769	5.903	762	769	5.903	762	769	98.464	96.456
21725at71240	795	57	779	788	3.179	792	9.551	788	777	7.809	0.005	766	777	5.659	766	777	5.659	766	777	98.106	97.208
22351at71240	791	31	709	782	2.804	813	28.083	782	692	15.554	0.36	737	692	12.52	737	692	12.52	736	692	85.117	94.118
22384at71240	792	23	774	763	7.761	811	25.141	763	694	13.006	0.17	719	694	9.364	719	694	9.364	719	694	85.573	94.233
22497at71240	797	46	1037	795	1.234	1076	11.474	795	1038	8.261	0.018	780	1038	6.844	780	1038	6.844	780	1038	96.468	98.113
22621at71240	802	30	770	796	0.694	856	24.189	796	735	11.784	0.333	768	735	9.683	768	735	9.683	765	735	85.864	96.106
23032at71240	796	46	808	768	8.832	1000	42.127	768	722	20.329	0.252	707	722	16.278	707	722	16.278	704	722	72.2	91.667
23261at71240	793	21	761	765	3.757	813	18.815	765	756	12.706	0.031	694	756	6.709	694	756	6.709	694	756	92.989	90.719
23397at71240	789	75	718	786	0	762	11.955	786	684	2.353	0.261	779	684	1.949	779	684	1.949	776	684	89.764	98.728
23463at71240	791	86	815	790	0.339	899	22.643	790	776	10.77	0.084	768	776	9.174	768	776	9.174	768	776	86.318	97.215
23535at71240	793	87	1188	781	1.854	1262	14.264	781	1163	7.022	0.097	758	1163	5.175	758	1163	5.175	758	1163	92.155	97.055
23567at71240	801	73	1089	800	0.072	1241	20.524	800	1047	5.999	0.347	788	1047	5.209	788	1047	5.209	783	1047	84.367	97.875
23684at71240	800	28	724	800	2.492	894	33.282	800	700	14.955	0.203	752	700	12.042	752	700	12.042	752	700	78.3	94
2421at71240	795	66	1204	793	1.332	1215	5.981	793	1204	5.162	0.011	773	1204	3.379	773	1204	3.379	772	1204	99.095	97.352
2474at71240	801	83	1272	799	3.556	1312	9.04	799	1269	5.97	0.011	779	1269	4.317	779	1269	4.317	779	1269	96.723	97.497
24846at71240	793	46	1257	788	0.766	1314	13.894	788	1268	10.801	0.049	773	1268	9.629	773	1268	9.629	773	1268	96.499	98.096
24914at71240	833	110	843	833	0.305	923	14.169	833	881	10.183	0.722	779	881	6.135	779	881	6.135	774	881	95.45	92.917
25041at71240	786	44	621	779	0.834	635	13.843	779	598	8.818	0.041	746	598	6.09	746	598	6.09	746	598	94.173	95.764
2529at71240	795	54	1323	789	1.8	1385	16.005	789	1296	10.267	0.011	773	1296	8.971	773	1296	8.971	773	1296	93.574	97.972
25631at71240	793	32	725	778	0.015	725	6.638	778	724	6.509	0.005	773	724	5.952	773	724	5.952	773	724	99.862	99.357
25868at71240	795	23	857	795	5.351	939	19.298	795	847	10.756	0.039	779	847	9.428	779	847	9.428	779	847	90.202	97.987
26170at71240	795	35	603	780	1.131	643	13.073	780	594	5.916	0	751	594	3.293	751	594	3.293	751	594	92.379	96.282
26183at71240	784	24	658	784	0.074	673	8.397	784	649	5.02	0.083	775	649	4.25	775	649	4.25	775	649	96.434	98.852
26184at71240	789	105	675	786	1.508	701	12.783	786	677	9.755	0.006	762	677	7.92	762	677	7.92	762	677	96.576	96.947
26884at71240	791	24	680	789	0.171	849	31.924	789	640	10.18	0.064	762	640	7.833	762	640	7.833	762	640	75.383	96.578
27693at71240	799	73	1107	793	2.642	1160	23.7	793	980	9.767	0.164	762	980	7.467	762	980	7.467	762	980	84.483	96.091
27941at71240	806	74	955	803	0.65	1138	37.44	803	823	13.69	0.117	759	823	10.782	759	823	10.782	757	823	72.32	94.271
28090at71240	788	79	693	783	1.345	773	20.49	783	694	11.641	0.058	745	694	8.723	745	694	8.723	744	694	89.78	95.019
28221at71240	796	60	714	783	3.21	799	22.706	783	680	9.354	0.263	747	680	6.596	747	680	6.596	747	680	85.106	95.402
2884at71240	798	37	1353	792	1.849	1425	12.629	792	1309	5.245	0.074	774	1309	3.72	774	1309	3.72	774	1309	91.86	97.727
28907at71240	799	41	720	789	2.52	826	19.495	789	719	7.582	0.1	751	719	4.346	751	719	4.346	750	719	87.046	95.057
29529at71240	800	31	680	786	6.069	895	40.093	786	592	9.672	0.272	750	592	7.098	750	592	7.098	748	592	66.145	95.165
29538at71240	802	26	870	800	0.277	966	24.467	800	796	8.791	0.05	779	796	6.882	779	796	6.882	778	796	82.402	97.25
29687at71240	800	126	935	789	2.5	941	5.894	789	935	5.302	0.038	775	935	4.076	775	935	4.076	775	935	99.362	98.226
29755at71240	799	59	691	797	0.269	834	23.057	797	663	3.439	0.043	777	663	1.825	777	663	1.825	775	663	79.496	97.24
29840at71240	805	43	2453	800	1.986	2996	25.88	800	2479	10.497	0.085	783	2479	9.167	783	2479	9.167	783	2479	82.744	97.875
2984at71240	800	46	1310	792	3.197	1359	15.192	792	1297	11.238	0.089	767	1297	9.432	767	1297	9.432	763	1297	95.438	96.338
30030at71240	800	63	1084	790	2.933	1574	46.73	790	936	10.657	0.357	757	936	8.327	757	936	8.327	754	936	59.466	95.443
30962at71240	789	45	584	784	0.828	596	10.056	784	584	8.211	0.021	770	584	7.049	770	584	7.049	769	584	97.987	98.087
31173at71240	795	39	922	780	4.098	1314	48.229	780	804	15.827	0.246	749	804	13.68	749	804	13.68	748	804	61.187	95.897
312at71240	841	107	2650	828	3.302	2969	21.672	828	2564	9.457	0.63	777	2564	5.215	777	2564	5.215	777	2564	86.359	93.841
31618at71240	780	194	649	780	0	649	3.537	780	649	3.537	0.002	778	649	3.38	778	649	3.38	778	649	100	99.744
3166at71240	800	129	1214	800	0.008	1257	5.554	800	1209	1.876	0.013	787	1209	0.801	787	1209	0.801	787	1209	96.181	98.375
31772at71240	791	76	683	788	1.513	843	38.485	788	666	22.696	0.261	724	666	19.012	724	666	19.012	724	666	79.004	91.878
31971at71240	806	43	1347	797	1.293	2057	44.905	797	1289	12.393	0.137	771	1289	10.555	771	1289	10.555	767	1289	62.664	96.236
32453at71240	792	52	579	790	1.265	586	6.077	790	578	4.781	0.014	760	578	2.087	760	578	2.087	760	578	98.635	96.203
32626at71240	795	22	686	795	0.505	700	13.17	795	626	3.47	0.672	775	626	2.439	775	626	2.439	774	626	89.429	97.358
32788at71240	792	30	688	784	1.392	780	27.215	784	623	9.307	0.049	736	623	5.401	736	623	5.401	735	623	79.872	93.75
32894at71240	792	27	666	792	0.434	679	11.127	792	626	3.854	0	774	626	2.281	774	626	2.281	774	626	92.194	97.727
33187at71240	807	148	618	798	1.661	659	12.652	798	615	6.426	0.2	773	615	4.645	773	615	4.645	773	615	93.323	96.867
33442at71240	798	37	1000	792	1.393	1157	18.622	792	999	6.232	0.219	765	999	3.931	765	999	3.931	765	999	86.344	96.591
33484at71240	776	172	567	775	0.102	567	1.046	775	567	1.046	0	770	567	0.675	770	567	0.675	770	567	100	99.355
33509at71240	795	28	697	790	5.31	732	20.051	790	670	12.983	0.152	737	670	8.995	737	670	8.995	737	670	91.53	93.291
33536at71240	796	32	766	787	1.536	813	16.966	787	738	8.56	0.051	751	738	5.741	751	738	5.741	751	738	90.775	95.426
33716at71240	789	64	961	788	0.124	1052	12.096	788	957	3.402	0.035	768	957	1.488	768	957	1.488	768	957	90.97	97.462
3382at71240	800	21	1194	794	3.654	1249	12.064	794	1192	7.879	0.111	770	1192	5.939	770	1192	5.939	768	1192	95.436	96.725
34031at71240	784	24	599	747	9.201	695	33.537	747	568	18.778	0.161	677	568	13.862	677	568	13.862	677	568	81.727	90.629
34491at71240	795	61	965	794	1.917	1162	39.918	794	799	12.979	0.128	762	799	10.786	762	799	10.786	762	799	68.761	95.97
3475at71240	833	69	1361	819	1.307	1611	26.303	819	1376	13.964	0.707	744	1376	8.013	744	1376	8.013	744	1376	85.413	90.842
34942at71240	787	26	545	772	6.755	546	14.126	772	545	13.968	0.049	712	545	9.202	712	545	9.202	709	545	99.817	91.839
35234at71240	790	33	638	773	3.848	688	24.113	773	637	18.205	0.322	714	637	14.167	714	636	14.043	714	636	92.442	92.367
35480at71240	789	39	573	784	1.647	619	19.214	784	552	9.544	0.042	738	552	5.754	738	552	5.754	737	552	89.176	94.005
355at71240	839	122	2637	834	0.886	2681	7.685	834	2636	6.141	0.319	788	2636	1.726	788	2636	1.726	788	2636	98.322	94.484
35811at71240	798	45	942	795	1.562	975	10.569	795	940	7.253	0.16	775	940	5.719	775	940	5.719	774	940	96.41	97.358
36040at71240	789	42	643	789	0.153	693	16.091	789	643	9.708	0.004	779	643	8.812	779	643	8.812	779	643	92.785	98.733
36159at71240	791	56	706	788	1.995	732	18.102	788	681	12.077	0.113	759	681	9.857	759	681	9.857	759	681	93.033	96.32
36163at71240	794	25	730	794	1.2	775	18.803	794	702	10.662	0.156	765	702	8.809	765	702	8.809	765	702	90.581	96.348
36183at71240	799	58	725	798	1.723	757	11.32	798	717	6.505	0.275	787	717	5.811	787	717	5.811	787	717	94.716	98.622
36480at71240	791	242	585	791	0	600	6.557	791	584	4.011	0.006	790	584	3.948	790	584	3.948	790	584	97.333	99.874
36501at71240	793	65	646	793	0.026	648	1.915	793	644	1.326	0.003	791	644	1.105	791	644	1.105	791	644	99.383	99.748
368at71240	801	82	2391	781	4.173	2487	14.022	781	2341	8.714	0.016	773	2341	8.111	773	2341	8.111	767	2341	94.129	98.207
37139at71240	795	31	881	788	1.968	1024	24.636	788	895	13.834	0.32	753	895	11.444	753	895	11.444	753	895	87.402	95.558
3734at71240	798	32	1434	795	2.843	1490	11.845	795	1448	9.304	0.044	780	1448	8.045	780	1448	8.045	780	1448	97.181	98.113
37422at71240	789	55	739	778	2.698	858	26.588	778	699	10.255	0.057	760	699	8.855	760	699	8.855	760	699	81.469	97.686
37941at71240	793	24	734	785	5.866	793	24.474	785	670	10.842	0.023	756	670	8.325	756	670	8.325	756	670	84.489	96.306
38332at71240	769	42	553	769	0.306	597	18.915	769	509	5.15	0.136	760	509	4.602	760	509	4.602	757	509	85.26	98.44
383at71240	836	152	2203	833	0.065	2223	6.057	833	2196	4.911	0.164	790	2196	0.329	790	2196	0.329	790	2196	98.785	94.838
38480at71240	786	47	557	786	0.172	558	17.786	786	554	17.225	0.023	762	554	15.418	762	554	15.418	762	554	99.283	96.947
38512at71240	798	47	928	790	2.242	1935	70.403	790	614	7.638	0.443	757	614	5.633	757	614	5.633	754	614	31.731	95.443
3884at71240	802	87	1446	788	2.425	1622	21.963	788	1383	8.993	0.235	777	1383	8.341	777	1383	8.341	775	1383	85.265	98.35
38895at71240	787	99	652	784	1.33	652	7.096	784	650	6.81	0.109	740	650	3.339	740	650	3.339	739	650	99.693	94.26
39004at71240	786	28	544	786	1.206	558	13.68	786	524	8.092	0.021	769	524	6.615	769	524	6.615	766	524	93.907	97.455
39222at71240	792	111	528	792	0	528	1.536	792	526	1.185	0.003	787	526	0.739	787	526	0.739	787	526	99.621	99.369
3930at71240	798	30	1544	797	0.584	1651	14.002	797	1515	6.531	0.076	785	1515	5.431	785	1515	5.431	785	1515	91.763	98.494
39591at71240	801	22	566	798	0.117	578	10.189	798	534	2.805	0.104	776	534	0.505	776	534	0.505	775	534	92.388	97.118
39696at71240	798	64	932	796	1.175	984	12.589	796	927	7.329	0.12	768	927	5.537	768	927	5.537	768	927	94.207	96.482
3978at71240	798	116	1187	798	0.907	1197	5.908	798	1188	5.199	0.028	786	1188	4.222	786	1188	4.222	786	1188	99.248	98.496
39836at71240	791	24	543	789	0.649	543	6.201	789	543	6.201	0.003	765	543	4.403	765	543	4.403	765	543	100	96.958
40951at71240	790	73	546	786	1.137	565	17.56	786	515	9.94	0.063	742	515	6.517	742	515	6.517	742	515	91.15	94.402
40995at71240	780	50	664	780	0.108	774	23.581	780	659	10.432	0.049	765	659	9.248	765	659	9.248	765	659	85.142	98.077
41267at71240	771	26	554	770	0.036	574	6.575	770	552	2.892	0.041	754	552	1.207	754	552	1.207	753	552	96.167	97.792
41427at71240	798	22	675	798	0.121	695	13.832	798	617	3.54	0	794	617	3.124	794	617	3.124	794	617	88.777	99.499
41950at71240	786	52	619	783	0.945	663	19.497	783	592	10.09	0.049	751	592	7.585	751	592	7.585	749	592	89.291	95.658
41984at71240	798	87	713	798	0	818	32.444	798	606	9.014	0	791	606	8.414	791	606	8.414	791	606	74.083	99.123
4227at71240	805	93	1436	804	1.915	2427	51.676	804	1305	10.747	0.429	787	1305	9.907	787	1303	9.783	786	1303	53.688	97.761
42883at71240	796	47	944	796	0.146	1005	8.682	796	939	2.47	0.024	781	939	1.258	781	939	1.258	781	939	93.433	98.116
43180at71240	798	18	736	793	1.853	816	28.558	793	708	17.839	0.111	755	708	15.326	755	708	15.326	752	708	86.765	94.83
4325at71240	799	38	1274	783	3.361	1542	27.89	783	1269	12.601	0.266	752	1269	10.362	752	1269	10.362	751	1269	82.296	95.913
43303at71240	618	39	619	616	0.035	620	6.91	616	594	3.049	0.234	595	594	0.42	595	594	0.42	595	594	95.806	96.591
43654at71240	796	28	963	796	3.069	1008	10.317	796	963	6.149	0.022	769	963	3.899	769	963	3.899	769	963	95.536	96.608
43815at71240	792	68	691	791	2.915	868	36.201	791	598	7.837	0.11	758	598	5.37	758	598	5.37	758	598	68.894	95.828
44038at71240	789	57	637	788	2.402	684	22.82	788	572	8.466	0.203	749	572	5.725	749	572	5.725	749	572	83.626	95.051
44990at71240	804	34	609	798	2.893	652	17.043	798	583	7.568	0.009	778	583	5.648	778	583	5.648	778	583	89.417	97.494
45115at71240	733	26	528	730	0.298	596	25.242	730	504	11.872	0.062	711	504	10.235	711	504	10.235	711	504	84.564	97.397
45216at71240	797	29	720	792	0.667	762	22.618	792	641	8.263	0.146	758	641	5.689	758	641	5.689	758	641	84.121	95.707
45586at71240	787	34	542	779	1.615	558	14.363	779	534	10.547	0.034	713	534	4.901	713	534	4.901	711	534	95.699	91.271
45959at71240	793	41	589	788	2.618	638	21.65	788	575	13.392	0.29	750	575	10.995	750	575	10.995	748	575	90.125	94.924
46047at71240	794	26	515	793	3.68	526	16.293	793	475	7.478	0.112	758	475	4.89	758	475	4.89	758	475	90.304	95.586
46188at71240	795	51	536	794	3.682	590	19.028	794	537	11.127	0.16	757	537	8.637	757	537	8.637	757	537	91.017	95.34
46263at71240	792	49	922	792	0.037	1049	25.442	792	788	1.832	0.013	786	788	1.167	786	788	1.167	786	788	75.119	99.242
47260at71240	786	40	522	786	0.072	602	21.344	786	527	10.25	0.564	767	527	9.508	767	520	8.392	767	520	86.379	97.583
47967at71240	793	31	790	793	2.5	942	30.518	793	759	14.184	0.03	777	759	12.907	777	759	12.907	777	759	80.573	97.982
4807at71240	794	49	1183	788	1.825	1291	19.043	788	1179	11.46	0.059	760	1179	9.158	760	1179	9.158	760	1179	91.325	96.447
4838at71240	799	63	1249	784	4.386	1320	13.784	784	1227	7.287	0.084	767	1227	5.8	767	1227	5.8	767	1227	92.955	97.832
48431at71240	792	71	760	790	0.052	787	9.586	790	734	3.093	0.052	777	734	1.986	777	734	1.986	776	734	93.266	98.228
4907at71240	793	33	1222	772	6.958	1353	27.148	772	1153	15.154	0.017	727	1153	11.795	727	1153	11.795	727	1153	85.218	94.171
491at71240	836	48	2134	824	4.063	2281	17.568	824	2160	13.027	0.538	768	2160	8.121	768	2160	8.121	768	2160	94.695	93.204
49327at71240	786	26	578	783	5.156	610	24.628	783	544	15.699	0.24	717	544	11.153	717	544	11.153	717	544	89.18	91.571
49613at71240	795	118	473	795	0	473	0.975	795	473	0.975	0.01	794	473	0.891	794	473	0.891	794	473	100	99.874
49724at71240	790	40	468	785	0.362	475	14.921	785	424	5.159	0.008	757	424	2.79	757	424	2.79	755	424	89.263	96.178
50041at71240	728	36	600	724	0.032	618	5.709	724	597	2.421	0.027	710	597	0.798	710	597	0.798	709	597	96.602	97.928
50420at71240	791	30	623	780	2.852	658	22.995	780	580	12.67	0.036	745	580	9.914	745	580	9.914	741	580	88.146	95
50574at71240	795	32	654	787	4.338	691	17.468	787	653	12.775	0.011	745	653	9.194	745	653	9.194	745	653	94.501	94.663
51229at71240	788	36	648	786	0.139	657	7.206	786	642	5.089	0.037	769	642	3.658	769	642	3.658	769	642	97.717	97.837
51868at71240	505	59	1072	504	0.092	2011	68.386	504	715	11.737	0.21	498	715	11.077	498	715	11.077	496	715	35.554	98.413
52297at71240	782	30	525	776	2.788	562	24.216	776	479	11.134	0.387	726	479	7.338	726	479	7.338	726	479	85.231	93.557
52312at71240	788	34	540	788	0.217	552	7.538	788	534	4.454	0.325	771	534	3.329	771	534	3.329	771	534	96.739	97.843
52731at71240	782	43	696	782	0.819	758	17.907	782	657	5.683	0.006	765	657	4.287	765	657	4.287	765	657	86.675	97.826
52900at71240	783	34	571	763	12.988	778	51.373	763	484	21.986	0.018	686	484	16.678	686	484	16.678	686	484	62.211	89.908
52915at71240	787	55	531	787	0.49	551	19.738	787	482	8.422	0.185	759	482	6.278	759	482	6.278	759	482	87.477	96.442
53084at71240	776	69	613	776	0.038	613	6.12	776	578	0.943	0	772	578	0.59	772	578	0.59	772	578	94.29	99.485
5406at71240	793	34	1055	783	1.96	1127	16.308	783	1030	8.612	0.172	752	1030	6.191	752	1030	6.191	748	1030	91.393	95.53
54140at71240	774	51	507	767	0.352	532	15.119	767	473	4.564	0.154	745	473	2.634	745	473	2.634	745	473	88.91	97.132
54565at71240	806	40	503	806	0.168	507	4.338	806	502	3.39	0.026	797	502	2.702	797	502	2.702	794	502	99.014	98.511
54857at71240	785	50	599	785	0.129	628	25.6	785	522	11.853	0	772	522	10.718	772	522	10.718	772	522	83.121	98.344
55127at71240	782	25	585	782	0.004	588	4.836	782	576	2.922	0.009	776	576	2.426	776	576	2.426	776	576	97.959	99.233
55661at71240	786	22	568	730	14.736	604	28.479	730	570	24.244	0.052	634	570	17.025	634	570	17.025	634	570	94.371	86.849
55753at71240	781	43	498	779	0.441	500	4.611	779	497	4.041	0.014	751	497	1.618	751	497	1.618	751	497	99.4	96.406
55853at71240	794	24	721	793	0.171	817	20.144	793	694	6.252	0.105	773	694	4.786	773	694	4.786	773	694	84.945	97.478
56080at71240	787	37	510	786	0.068	518	5.966	786	507	3.952	0.176	777	507	3.268	777	507	3.268	777	507	97.876	98.855
5623at71240	792	37	1150	752	6.325	1216	22.599	752	1099	14.614	0.086	711	1099	11.256	711	1099	11.256	711	1099	90.378	94.548
5656at71240	799	66	1070	799	0.001	1130	8.9	799	1127	8.662	0.008	788	1127	7.599	788	1127	7.599	788	1127	99.735	98.623
56817at71240	805	144	907	805	1.307	1016	15.643	805	901	5.153	0.094	788	901	3.979	788	901	3.979	788	901	88.681	97.888
56886at71240	793	34	527	793	2.367	624	28.751	793	497	10.756	0.293	783	497	10.098	783	497	10.098	781	497	79.647	98.487
57391at71240	783	63	541	783	0.743	546	11.033	783	508	4.427	0.227	764	508	2.993	764	508	2.993	761	508	93.04	97.19
58109at71240	789	22	770	788	1.834	1060	48.104	788	610	11.72	0.088	760	610	9.587	760	610	9.587	760	610	57.547	96.447
58229at71240	785	26	546	755	4.402	567	16.555	755	540	12.403	0.085	704	540	8.39	704	540	8.39	701	540	95.238	92.848
59094at71240	799	44	1001	791	6.669	1068	14.85	791	1000	9.072	0.017	772	1000	7.494	772	1000	7.494	772	1000	93.633	97.598
59187at71240	802	54	840	801	2.16	1650	70.285	801	536	8.951	0.233	775	536	7.325	775	536	7.325	773	536	32.485	96.504
59224at71240	792	37	440	789	1.641	468	13.43	789	437	7.303	0.047	747	437	3.821	747	437	3.821	747	437	93.376	94.677
59362at71240	786	207	510	786	0	544	23.042	786	507	17.511	0.043	784	507	17.456	784	507	17.456	784	507	93.199	99.746
59377at71240	779	65	443	777	0.612	447	9.028	777	442	8.017	0.035	769	442	7.325	769	442	7.325	769	442	98.881	98.97
59515at71240	800	30	731	781	1.868	1104	50.321	781	610	10.466	0.228	744	610	7.62	744	610	7.62	744	610	55.254	95.262
59685at71240	781	37	550	775	0.277	709	38.632	775	467	7.321	0.415	735	467	3.939	735	467	3.939	733	467	65.867	94.581
59709at71240	787	20	513	785	1.549	561	17.159	785	507	8.621	0.029	744	507	5.245	744	507	5.245	742	507	90.374	94.522
59755at71240	806	40	753	802	3.339	877	27.395	802	714	10.863	0.275	764	714	8.254	764	714	8.254	764	714	81.414	95.262
60063at71240	792	47	571	791	0.893	577	9.785	791	569	8.541	0.004	784	569	7.916	784	569	7.916	781	569	98.614	98.736
60492at71240	794	23	538	792	0.092	741	42.892	792	501	15.722	0.014	784	501	15.025	784	501	15.025	783	501	67.611	98.864
60609at71240	786	73	521	786	0.107	546	9.237	786	517	4.22	0.059	773	517	3.154	773	517	3.154	773	517	94.689	98.346
60659at71240	788	28	541	787	2.667	547	12.619	787	538	11.238	0.006	766	538	9.306	766	538	9.306	766	538	98.355	97.332
61299at71240	792	30	619	787	1.791	642	15.083	787	596	8.619	0.334	752	596	5.95	752	596	5.95	752	596	92.835	95.553
6130at71240	799	49	1163	797	0.369	1323	18.513	797	1178	8.903	0.101	785	1178	7.865	785	1178	7.865	785	1178	89.04	98.494
61357at71240	785	30	486	785	0.118	524	18.629	785	443	4.635	0.046	768	443	3.185	768	443	3.185	768	443	84.542	97.834
61645at71240	782	25	459	779	5.738	481	22.138	779	422	11.446	0.475	733	422	8.21	733	422	8.21	730	422	87.734	93.71
62022at71240	792	47	543	791	4.098	633	33.217	791	510	17.608	0.018	735	510	14.1	735	510	14.1	735	510	80.569	92.92
62391at71240	795	37	654	789	4.241	726	21.594	789	625	9	0.061	752	625	6.024	752	625	6.024	747	625	86.088	94.677
62640at71240	802	25	776	788	5.925	988	40.003	788	685	14.251	0.511	733	685	10.818	733	685	10.818	733	685	69.332	93.02
62664at71240	782	33	522	781	2.304	545	27.842	781	458	15.247	0.048	727	458	11.635	727	458	11.635	727	458	84.037	93.086
62794at71240	775	24	409	759	3.012	434	24.48	759	389	15.898	0.234	703	389	11.631	703	389	11.631	703	389	89.631	92.622
64763at71240	786	26	479	758	8.976	552	31.107	758	475	20.12	0.046	684	475	14.574	684	475	14.574	684	475	86.051	90.237
65952at71240	791	26	545	788	1.273	693	34.963	788	486	7.787	0.093	751	486	5.008	751	486	5.008	750	486	70.13	95.178
65988at71240	785	45	579	784	0.806	668	29.274	784	497	6.049	0.282	742	497	2.777	742	497	2.777	741	497	74.401	94.515
66041at71240	784	57	391	784	0.99	397	8.541	784	386	6.063	0.004	771	386	4.884	771	386	4.884	770	386	97.229	98.214
66138at71240	788	38	510	786	0.269	516	10.552	786	479	4.069	0.015	765	479	2.15	765	479	2.15	764	479	92.829	97.201
6642at71240	795	21	1065	783	7.559	1166	26.915	783	1018	16.688	0.021	756	1018	14.86	756	1018	14.86	756	1018	87.307	96.552
66887at71240	789	74	573	789	1.222	591	8.373	789	576	6.003	0.006	773	576	4.544	773	576	4.544	771	576	97.462	97.719
6688at71240	795	39	1024	788	1.526	1067	11.48	788	980	3.884	0.049	768	980	2.203	768	980	2.203	768	980	91.846	97.462
67491at71240	792	39	419	789	0.223	420	5.272	789	418	4.819	0.109	775	418	3.584	775	418	3.584	775	418	99.524	98.226
67815at71240	792	21	467	769	7.395	499	31.148	769	468	26.609	0.04	654	468	19.557	654	468	19.557	651	468	93.788	84.655
6800at71240	799	55	1290	770	3.931	1326	10.08	770	1291	7.649	0.05	747	1291	5.677	747	1291	5.677	747	1291	97.36	97.013
68100at71240	787	28	431	787	0.386	439	11.085	787	401	2.729	0.023	769	401	1.143	769	401	1.143	769	401	91.344	97.713
68148at71240	767	40	517	766	0	625	34.599	766	434	6.058	0.007	763	434	5.775	763	434	5.775	763	434	69.44	99.608
68279at71240	801	52	483	797	3.579	529	26.671	797	444	12.692	0.048	755	444	9.752	755	444	9.752	751	444	83.932	94.228
68673at71240	782	46	539	782	3.882	552	20.158	782	512	13.96	0.01	775	512	13.382	775	512	13.382	773	512	92.754	98.849
68795at71240	794	43	613	794	9.068	677	32.177	794	532	14.115	0.009	766	532	12.511	766	532	12.511	766	532	78.582	96.474
69087at71240	787	37	467	786	0.425	474	12.718	786	464	10.863	0.145	761	464	9.239	761	464	9.239	761	464	97.89	96.819
69395at71240	791	34	498	791	0	518	6.168	791	501	2.999	0.016	784	501	2.295	784	501	2.295	784	501	96.718	99.115
69527at71240	802	59	1050	798	3.081	3244	79.131	798	760	14.673	0.123	755	760	12.022	755	758	11.815	752	758	23.366	94.236
6952at71240	800	45	1074	773	8.575	1352	39.488	773	985	17.228	0.4	726	985	14.508	726	985	14.508	724	985	72.855	93.661
69849at71240	785	431	498	785	0	506	9.98	785	455	0.037	0	785	455	0.037	785	455	0.037	782	455	89.921	99.618
70034at71240	797	34	592	790	0.419	616	19.764	790	546	9.541	0.187	772	546	8.273	772	546	8.273	772	546	88.636	97.722
70727at71240	786	22	549	786	7.183	725	41.133	786	498	15.12	0.028	762	498	13.163	762	498	13.163	760	498	68.69	96.692
7075at71240	797	59	1305	785	0.376	1508	20.328	785	1276	5.893	0.093	771	1276	4.68	771	1276	4.68	770	1276	84.615	98.089
707at71240	838	105	1887	827	3.415	1896	10.313	827	1886	9.845	0.453	772	1886	4.846	772	1885	4.798	772	1885	99.42	93.349
71049at71240	803	22	440	799	0.241	441	19.353	799	363	2.614	0.049	787	363	1.557	787	363	1.557	783	363	82.313	97.997
71219at71240	782	22	428	778	1.236	485	21.27	778	427	10.667	0.172	742	427	7.562	742	427	7.562	741	427	88.041	95.244
71454at71240	786	21	583	785	0.778	622	18.089	785	552	8.04	0.043	746	552	5.225	746	552	5.225	746	552	88.746	95.032
71815at71240	784	22	425	782	3.5	493	29.52	782	423	18.023	0.031	726	423	13.81	726	423	13.81	722	423	85.801	92.327
72527at71240	779	57	368	778	0.234	379	11.036	778	363	7.137	0.294	747	363	5.063	747	363	5.063	746	363	95.778	95.887
727at71240	807	110	2678	800	3.048	4704	55.122	800	2287	8.197	0.366	787	2287	7.649	787	2287	7.649	785	2287	48.618	98.125
73037at71240	788	32	440	788	0.447	467	13.454	788	435	7.172	0.026	761	435	4.876	761	435	4.876	760	435	93.148	96.447
73606at71240	765	21	422	762	0.629	461	23.335	762	386	8.518	0.286	723	386	5.342	723	386	5.342	723	386	83.731	94.882
73646at71240	785	55	433	784	1.37	436	7.395	784	434	6.971	0.058	751	434	4.404	751	434	4.404	751	434	99.541	95.791
73659at71240	791	35	425	787	0.328	451	12.936	787	425	7.618	0.167	761	425	5.469	761	425	5.469	758	425	94.235	96.315
74515at71240	779	29	456	779	1.506	467	21.477	779	415	11.69	0.165	727	415	7.907	727	415	7.907	727	415	88.865	93.325
74579at71240	799	43	500	787	0.642	520	10.833	787	493	6.077	0.029	766	493	3.972	766	493	3.972	763	493	94.808	96.95
74945at71240	789	47	445	789	0	479	17.209	789	405	2.106	0	781	405	1.471	781	405	1.471	778	405	84.551	98.606
75108at71240	783	53	385	783	0.267	440	17.14	783	382	4.838	0.764	770	382	4.468	770	382	4.468	767	382	86.818	97.957
75354at71240	807	160	529	806	1.458	626	31.907	806	451	5.663	0.213	804	451	5.728	804	451	5.728	802	451	72.045	99.504
75486at71240	784	85	412	783	0.025	412	2.248	783	412	2.248	0	776	412	1.59	776	412	1.59	776	412	100	99.106
75681at71240	800	19	436	800	3.047	468	25.001	800	389	10.006	0.192	751	389	6.529	751	389	6.529	749	389	83.12	93.625
75802at71240	778	32	468	777	3.564	471	20.531	777	404	8.697	0.011	721	404	4.291	721	404	4.291	719	404	85.775	92.535
76304at71240	807	330	1090	806	12.073	2195	70.658	806	776	18.446	0.133	762	776	16.508	762	776	16.508	761	776	35.353	94.417
76317at71240	796	53	582	788	1.983	654	25.341	788	556	12.324	0.275	744	556	9.009	744	556	9.009	744	556	85.015	94.416
76638at71240	787	34	580	784	4.975	665	38.016	784	451	9.452	0.051	749	451	6.835	749	451	6.835	749	451	67.82	95.536
77217at71240	779	37	383	776	0.47	388	6.565	776	382	5.099	0.023	745	382	2.185	745	382	2.185	741	382	98.454	95.49
77237at71240	788	43	543	788	0.052	552	16.746	788	496	7.894	0.248	775	496	7.096	775	496	7.096	775	496	89.855	98.35
77388at71240	786	41	538	786	0.187	564	22.77	786	536	18.817	0.006	744	536	16.081	744	536	16.081	744	536	95.035	94.656
77821at71240	787	32	402	787	3.608	423	16.053	787	402	11.801	0.062	743	402	8.47	743	402	8.47	741	402	95.035	94.155
779at71240	841	77	2003	835	1.196	2128	11.659	835	2000	6.161	0.837	783	2000	2.518	783	2000	2.518	783	2000	93.985	93.772
78064at71240	791	69	373	791	0.071	373	3.773	791	371	3.255	0	786	371	2.795	786	371	2.795	786	371	99.464	99.368
78101at71240	792	52	409	792	0.361	427	7.826	792	404	2.602	0.138	778	404	1.622	778	404	1.622	772	404	94.614	97.475
78210at71240	797	46	538	797	0.87	570	10.597	797	530	4.001	0.363	776	530	2.851	776	530	2.851	776	530	92.982	97.365
78613at71240	783	41	433	776	1.127	437	10.614	776	413	5.789	0.005	738	413	2.567	738	413	2.567	737	413	94.508	94.974
793at71240	804	97	2202	801	0.962	2348	9.275	801	2204	3.472	0.217	786	2204	2.309	786	2204	2.309	786	2204	93.867	98.127
79425at71240	794	53	870	792	2.261	1013	24.661	792	910	16.363	0.265	732	910	12.56	732	910	12.56	729	910	89.832	92.045
79523at71240	789	217	705	789	0.009	837	23.407	789	687	6.92	0.036	788	687	6.879	788	687	6.879	788	687	82.079	99.873
80028at71240	793	58	380	793	0.5	385	9.146	793	379	7.728	0.08	773	379	6.091	773	379	6.091	769	379	98.442	96.974
80207at71240	779	73	404	776	0.433	408	7.081	776	404	6.18	0.393	759	404	5.133	759	404	5.133	759	404	99.02	97.809
80653at71240	797	24	604	788	0.843	778	36.639	788	549	10.988	0.06	764	549	8.944	764	549	8.944	764	549	70.566	96.954
80960at71240	798	41	489	790	1.759	502	15.577	790	491	13.701	0.026	759	491	11.229	759	491	11.229	759	491	97.809	96.076
81322at71240	790	109	613	790	0.266	633	14.162	790	577	5.982	0.003	772	577	4.509	772	577	4.509	772	577	91.153	97.722
81462at71240	791	35	669	789	0.536	693	18.646	789	661	14.859	0.158	771	661	13.665	771	661	13.665	771	661	95.382	97.719
8165at71240	800	40	1006	798	0.52	1109	17.047	798	1000	8.029	0.031	781	1000	6.858	781	1000	6.858	781	1000	90.171	97.87
81854at71240	787	39	412	787	0.49	415	6.884	787	414	6.66	0.02	753	414	4.403	753	414	4.403	749	414	99.759	95.172
82089at71240	782	33	401	774	3.136	436	24.162	774	372	11.222	0.25	727	372	7.668	727	372	7.668	727	372	85.321	93.928
82162at71240	792	26	368	792	2.342	395	16.307	792	361	8.682	0.143	758	361	6.03	758	361	6.03	758	361	91.392	95.707
82519at71240	777	19	465	751	9.08	469	21.826	751	461	20.491	0.098	684	461	15.275	684	461	15.275	682	461	98.294	90.812
82761at71240	777	38	406	777	0.073	406	10.318	777	373	2.429	0	762	373	1.288	762	373	1.288	758	373	91.872	97.555
83080at71240	779	99	399	779	0.105	399	6.609	779	396	5.902	0.008	755	396	3.746	755	396	3.746	755	396	99.248	96.919
8314at71240	805	54	975	804	2.196	1382	46.565	804	932	20.981	0.237	778	932	19.625	778	932	19.625	778	932	67.438	96.766
83256at71240	774	55	612	774	0.251	711	48.758	774	403	9.907	0.023	733	403	6.896	733	403	6.896	733	403	56.681	94.703
8345at71240	837	76	975	834	0.784	1065	20.462	834	909	6.89	0.755	775	909	2.328	775	909	2.328	771	909	85.352	92.446
83475at71240	770	50	446	770	1.622	472	25.817	770	413	15.345	0.003	717	413	11.328	717	413	11.328	715	413	87.5	92.857
83543at71240	789	47	483	787	0.165	494	4.252	787	479	1.28	0.061	778	479	0.564	778	479	0.564	778	479	96.964	98.856
83699at71240	806	53	729	806	1.109	827	22.046	806	710	9.496	0.144	786	710	8.045	786	710	8.045	786	710	85.852	97.519
83991at71240	788	34	839	781	5.176	958	28.764	781	779	13.32	0.067	733	779	9.662	733	779	9.662	733	779	81.315	93.854
84303at71240	789	22	599	776	2.116	948	53.28	776	514	14.083	0.389	733	514	11.096	733	514	11.096	732	514	54.219	94.33
84412at71240	778	99	333	778	0.344	333	10.766	778	326	8.853	0.006	731	326	5.298	731	326	5.298	729	326	97.898	93.702
84415at71240	794	24	386	789	2.469	417	26.49	789	352	12.952	0.241	733	352	9.016	733	352	9.016	730	352	84.412	92.522
84628at71240	799	24	461	798	0.438	560	20.953	798	460	3.87	0.489	776	460	2.153	776	460	2.153	776	460	82.143	97.243
84814at71240	782	39	423	780	8.958	467	31.823	780	382	16.812	0.409	694	382	11.384	694	382	11.384	694	382	81.799	88.974
85071at71240	795	72	447	795	0.074	447	1.707	795	446	1.487	0.067	789	446	0.964	789	446	0.964	787	446	99.776	98.994
85409at71240	793	26	461	789	0.35	470	26.698	789	458	24.824	0.024	758	458	22.624	758	458	22.624	758	458	97.447	96.071
85776at71240	786	51	512	786	0.254	519	17.928	786	459	7.217	0.066	768	459	5.892	768	459	5.892	768	459	88.439	97.71
86035at71240	721	35	437	721	0.092	497	24.474	721	389	3.836	0.407	699	389	2.337	699	389	2.337	697	389	78.27	96.671
86290at71240	792	61	489	792	1.926	525	25.977	792	485	19.976	0.034	750	485	17.682	750	485	17.682	750	485	92.381	94.697
86991at71240	780	29	454	778	1.956	541	33.357	778	403	10.822	0.026	747	403	8.25	747	403	8.25	747	403	74.492	96.015
87327at71240	786	40	423	784	0.894	454	18.163	784	406	8.816	0.223	748	406	6.291	748	406	6.291	746	406	89.427	95.153
8739at71240	788	32	948	784	1.884	990	11.37	784	941	6.765	0.038	768	941	5.344	768	941	5.344	766	941	95.051	97.704
87644at71240	783	20	489	781	0.396	586	38.01	781	440	17.697	0.025	752	440	15.589	752	440	15.589	752	440	75.085	96.287
87765at71240	795	40	501	794	0.127	657	33.987	794	444	3.239	0.114	778	444	1.815	778	444	1.815	775	444	67.58	97.607
88063at71240	786	48	478	786	1.032	555	30.843	786	415	7.589	0.037	758	415	5.268	758	415	5.268	758	415	74.775	96.438
88282at71240	54	256	344	54	0	349	4.51	54	345	3.451	0	54	345	3.451	54	345	3.451	54	345	98.854	100
88333at71240	796	61	347	795	0.444	350	5.31	795	345	3.941	0.042	780	345	2.635	780	345	2.635	780	345	98.571	98.113
88382at71240	783	54	483	783	0.009	491	8.111	783	482	6.397	0	779	482	6.02	779	482	6.02	776	482	98.167	99.106
88942at71240	786	20	391	784	2.366	407	20.27	784	367	11.646	0.082	753	367	9.155	753	367	9.155	747	367	90.172	95.281
89342at71240	784	55	316	784	0.066	342	10.531	784	315	2.877	0.07	772	315	2.061	772	315	2.061	771	315	92.105	98.342
89502at71240	785	36	367	785	0.265	378	18.844	785	320	4.398	0.09	748	320	1.733	748	320	1.733	748	320	84.656	95.287
90473at71240	778	22	373	757	10.267	401	27.059	757	349	16.234	0.075	697	349	11.474	697	349	11.474	694	349	87.032	91.678
90500at71240	775	23	405	750	6.73	447	27.016	750	399	18.306	0.27	665	399	11.678	665	399	11.678	664	399	89.262	88.533
90586at71240	789	42	570	785	8.968	596	18.245	785	566	13.945	0.062	742	566	10.669	742	566	10.669	740	566	94.966	94.268
90826at71240	783	256	316	783	0	316	0.082	783	316	0.082	0.004	783	316	0.085	783	316	0.085	783	316	100	100
91526at71240	779	43	380	776	0.266	398	11.375	776	367	4.07	0.035	756	367	2.252	756	367	2.252	754	367	92.211	97.165
91597at71240	782	42	433	782	0.204	436	19.365	782	400	12.133	0	755	400	10.049	755	400	10.049	755	400	91.743	96.547
91938at71240	789	72	454	788	0.103	458	23.004	788	354	1.511	0.132	779	354	0.813	779	354	0.813	779	354	77.293	98.858
92048at71240	789	36	519	784	0.854	542	22.436	784	449	6.538	0.103	753	449	4.088	753	449	4.088	753	449	82.841	96.046
92095at71240	784	59	460	783	2.131	478	15.863	783	447	10.079	0.004	755	447	7.943	755	447	7.943	755	447	93.515	96.424
92743at71240	786	30	510	785	0.05	731	46.02	785	485	19.211	0.126	768	485	17.967	768	485	17.967	768	485	66.347	97.834
92777at71240	781	63	424	781	0.024	493	26.245	781	393	7.771	0	771	393	6.957	771	393	6.957	771	393	79.716	98.72
92810at71240	777	73	421	776	0.325	445	12.601	776	417	6.806	0.045	756	417	5.176	756	417	5.176	756	417	93.708	97.423
92854at71240	797	61	598	797	5.51	621	21.669	797	558	13.136	0.12	747	558	10.153	747	558	10.153	745	558	89.855	93.476
93331at71240	783	106	346	783	0.171	346	8.07	783	345	7.808	0.003	772	345	7.005	772	345	7.005	772	345	99.711	98.595
933at71240	806	159	1672	785	3.862	1781	14.371	785	1698	10.37	0.059	766	1698	9.015	766	1698	9.015	766	1698	95.34	97.58
94011at71240	775	45	354	775	0.644	375	15.811	775	360	12.341	0.16	760	360	11.269	760	360	11.269	756	360	96	97.548
95120at71240	766	29	289	764	0.189	294	7.864	764	289	6.272	0.027	739	289	4.243	739	289	4.243	738	289	98.299	96.597
9527at71240	804	53	1566	785	3.997	1655	14.659	785	1494	5.717	0.043	769	1494	4.453	769	1494	4.453	768	1494	90.272	97.834
95643at71240	799	41	644	790	5.845	777	35.974	790	663	25.112	0.32	740	663	22.407	740	663	22.407	740	663	85.328	93.671
95645at71240	779	27	430	777	0.059	431	4.326	777	425	2.978	0.005	770	425	2.387	770	425	2.387	770	425	98.608	99.099
95665at71240	773	67	332	773	0.025	332	1.158	773	332	1.158	0.004	765	332	0.563	765	332	0.563	765	332	100	98.965
9584at71240	794	183	1141	782	2.861	1287	19.752	782	1108	6.941	0.087	759	1108	5.27	759	1108	5.27	759	1108	86.092	97.059
96350at71240	788	46	464	787	1.397	495	30.742	787	438	22.332	0.027	732	438	19.232	732	438	19.232	729	438	88.485	92.63
96666at71240	788	33	402	787	0.567	422	19.754	787	365	8.053	0.029	779	365	7.301	779	365	7.301	779	365	86.493	98.983
9672at71240	797	35	1007	758	8.758	1139	29.208	758	923	13.286	0.21	721	923	10.622	721	923	10.622	720	923	81.036	94.987
96758at71240	794	78	474	794	0.417	477	8.143	794	473	7.379	0.01	776	473	5.929	776	473	5.929	776	473	99.161	97.733
96976at71240	788	77	404	788	0.443	426	20.778	788	393	14.264	0.008	733	393	11.032	733	393	11.032	733	393	92.254	93.02
97379at71240	794	35	448	791	1.868	631	47.528	791	396	16.716	0.331	743	396	13.708	743	396	13.708	740	396	62.758	93.552
97772at71240	796	22	395	788	3.432	523	48.811	788	362	26.351	0.193	732	362	22.679	732	362	22.679	732	362	69.216	92.893
97786at71240	772	145	392	772	0	395	18.683	772	320	0.317	0	771	320	0.246	771	320	0.246	771	320	81.013	99.87
97932at71240	805	31	589	805	0.034	695	26.044	805	582	11.81	0.022	784	582	9.853	784	582	9.853	784	582	83.741	97.391
98126at71240	771	76	409	768	0.811	417	15.078	768	405	12.602	0.802	708	405	8.827	708	405	8.827	708	405	97.122	92.188
98136at71240	782	50	352	782	0.383	375	14.658	782	353	9.534	0.072	754	353	7.483	754	353	7.483	752	353	94.133	96.164
98138at71240	783	43	411	779	1.824	456	25.09	779	365	6.683	0.023	733	365	2.828	733	365	2.828	733	365	80.044	94.095
98635at71240	767	49	333	766	0.088	341	8.797	766	326	4.611	0.264	748	326	3.068	748	326	3.068	745	326	95.601	97.258
99646at71240	791	31	685	788	1.304	752	22.919	788	614	6.094	0.196	770	614	4.647	770	614	4.647	770	614	81.649	97.716
99891at71240	769	31	317	759	2.582	338	27.654	759	299	18.74	0.055	636	299	8.89	636	299	8.89	635	299	88.462	83.663
