file	sum_len	cov
E_lockyeri_3	8700	0.0000174
E_articulata	145413636	0.290827272
E_eremicola_peeneri_2	295023616	0.590047232
E_talyuberlup	501880222	1.003760444
E_fruticosa_1	727636822	1.455273644
E_macta	891466120	1.78293224
E_fruticosa_2	947577708	1.895155416
E_rigidula_9	989454676	1.978909352
E_ammophila	1225136966	2.450273932
E_sp_Adelaide	1231830318	2.463660636
E_pterocarpa	1292848588	2.585697176
E_leucoxylon_pruinosa	1411596172	2.823192344
E_x_brachyphylla_2	1828379728	3.656759456
E_concinna	1972459020	3.94491804
E_vokesensis	1982851886	3.965703772
E_gypsophila_1	2068169546	4.136339092
E_albopurpurea_1	2271661208	4.543322416
E_jutsonii_jutsonii	2458109654	4.916219308
E_repullulans	2704626816	5.409253632
E_gypsophila_3	2758626026	5.517252052
E_microtheca	2785237970	5.57047594
E_sp_Mulga_Rock_2	2797646394	5.595292788
E_leucophylla_2	2888932406	5.777864812
E_scyphocalyx_1	2916378690	5.83275738
E_oleosa_ampliata_3	2925335374	5.850670748
E_forrestiana	2982773196	5.965546392
C_cliftoniana	3698663740	7.39732748
E_normantonensis	3767574888	7.535149776
E_leucophylla_3	4070584322	8.141168644
E_largiflorens_3	4579497146	9.158994292
E_sp_Dunbar_Road_1	4611234636	9.222469272
E_conglobata_conglobata_1	4939130098	9.878260196
E_calycogona_trachybasis	5464453040	10.92890608
E_x_brachyphylla_1	5470006158	10.940012316
E_gillii_1	5484304406	10.968608812
E_torquata	5509649014	11.019298028
E_alaticaulis	5716939772	11.433879544
E_scyphocalyx_2	5959548292	11.919096584
E_angulosa_1	6030676128	12.061352256
E_cneorifolia	6276262646	12.552525292
E_incrassata_2	6278669470	12.55733894
E_astringens_redacta_1	6609588782	13.219177564
E_capitanea	6770703314	13.541406628
E_propinqua	6938327324	13.876654648
E_reducta	7070007462	14.140014924
E_leucoxylon_megalocarpa_1	7070633482	14.141266964
E_largiflorens_2	7422780520	14.84556104
E_obesa_1	7476354180	14.95270836
E_calcareana_3	7541654806	15.083309612
E_calcareana_4	7542097260	15.08419452
E_woodwardii_2	7595565920	15.19113184
E_bridgesiana	7789894046	15.579788092
E_porosa	7793165796	15.586331592
E_conica_x_E_microcarpa	7924135716	15.848271432
E_discreta	8015490146	16.030980292
E_capillosa_2	8054273716	16.108547432
E_gittinsii_gittinsii	8260190844	16.520381688
E_incrassata_1	8297792512	16.595585024
E_sp	8302233736	16.604467472
E_densa_densa	8303702270	16.60740454
E_macrorhyncha_macrorhyncha	8550386592	17.100773184
E_conica	8563415176	17.126830352
E_suggrandis_suggrandis_2	8655914464	17.311828928
E_varia_3	8709560152	17.419120304
E_cullenii	8789549824	17.579099648
E_canaliculata	8813745476	17.627490952
E_sessilis	8834406976	17.668813952
E_sp_Great_Victoria_Desert_3	8864558702	17.729117404
E_yalatensis	8907739812	17.815479624
E_stricklandii	8957787304	17.915574608
E_dawsonii	8997877626	17.995755252
E_brachycalyx_2	9049714458	18.099428916
E_horistes_horistes_1	9151310344	18.302620688
E_platypus_platypus_2	9154918516	18.309837032
E_formanii_Broadxleaf_2	9240643144	18.481286288
E_panda	9258160058	18.516320116
E_odorata	9265383694	18.530767388
E_melanophloia_nana	9272336532	18.544673064
E_formanii_formanii_1	9303266010	18.60653202
E_largiflorens_1	9362896392	18.725792784
E_brassiana	9453057474	18.906114948
E_caesia_Southern_rocks	9482364962	18.964729924
E_froggattii	9506594946	19.013189892
E_eremicola_eremicola	9535809402	19.071618804
E_latens_2	9611218396	19.222436792
C_lenziana	9613126648	19.226253296
E_moorei_serpentinicola	9639676832	19.279353664
E_leucophloia_leucophloia	9709180732	19.418361464
E_ovularis	9721953540	19.44390708
E_albopurpurea_2	9827532488	19.655064976
E_formanii_formanii_2	9897025404	19.794050808
E_caesia_magna_1	9921994924	19.843989848
E_chlorophylla_1	9928925618	19.857851236
E_kruseana_1	10031774960	20.06354992
E_griffithsii	10168455510	20.33691102
E_drummondii_1	10171261880	20.34252376
E_conglobata_conglobata_2	10251396440	20.50279288
E_gracilis	10437630786	20.875261572
E_conveniens	10452626772	20.905253544
C_henryi_3	10487119778	20.974239556
E_megacarpa_2	10552643188	21.105286376
E_tholiformis_1	10638783268	21.277566536
E_calycogona_calycogona_1	10677846272	21.355692544
E_tholiformis_2	10683145858	21.366291716
E_gypsophila_2	10760078144	21.520156288
E_absita	10902425436	21.804850872
E_pileata_2	10955979326	21.911958652
E_varia_2	11183956460	22.36791292
C_trachyphloia_trachyphloia_1	11281476370	22.56295274
C_henryi_2	11310270626	22.620541252
E_brachycalyx_1	11312450268	22.624900536
E_leptophylla_1	11376936974	22.753873948
E_rupestris_1	11430941096	22.861882192
E_ovata_ovata_4	11460778388	22.921556776
E_chloroclada_3	11467785650	22.9355713
E_transcontinentalis	11555105696	23.110211392
E_macrandra_2	11725595562	23.451191124
E_baudiniana_1	11804910526	23.609821052
E_x_walshii_1	11878818778	23.757637556
E_crucis_lanceolata_4	11931551914	23.863103828
E_odorata_x_E_phenax	11937648538	23.875297076
C_eremaea_oligocarpa	11948281580	23.89656316
E_phaenophylla_4	12120420084	24.240840168
E_rigidula_8	12152891090	24.30578218
E_granitica	12200615460	24.40123092
E_cylindriflora	12265940510	24.53188102
E_ravida	12273901504	24.547803008
E_kochii_amaryssia	12416460150	24.8329203
E_chlorophylla_2	12461217830	24.92243566
E_bicostata	12462047372	24.924094744
E_ovata_grandiflora	12481808686	24.963617372
E_sp_Dunbar_Road_2	12644046708	25.288093416
E_decorticans	12672976264	25.345952528
E_kochii_borealis	12701983028	25.403966056
E_stellulata_Little_Star	12795550012	25.591100024
E_stricta	12855257598	25.710515196
E_stoatei	13001673430	26.00334686
E_intertexta_2	13038847868	26.077695736
E_cameronii	13161417434	26.322834868
C_henryi_4	13215876500	26.431753
E_ecostata_1	13229107308	26.458214616
E_x_hawkeri_1	13376639840	26.75327968
E_victrix_2	13378449274	26.756898548
E_gittinsii_illucida	13392122902	26.784245804
E_striaticalyx_1	13406274560	26.81254912
E_aggregata	13491423158	26.982846316
E_verrucata	13530688968	27.061377936
E_wyolensis	13607560890	27.21512178
E_malacoxylon	13622648068	27.245296136
E_melanophloia_melanophloia	13644002480	27.28800496
E_ovata_ovata_3	13697549454	27.395098908
E_brownii	13780023394	27.560046788
E_dalrympleana_Tasmania_2	13967107934	27.934215868
E_robusta_x_E_tereticornis	14027503730	28.05500746
E_preissiana_lobata_1	14045841094	28.091682188
E_exserta	14143135594	28.286271188
E_obtusiflora_dongarraensis	14148207030	28.29641406
E_tereticornis_rotunda_1	14162951418	28.325902836
E_trivalva_1	14187977856	28.375955712
E_camphora_camphora	14203335708	28.406671416
E_synandra_3	14239163290	28.47832658
E_gomphocephala_x_E_zopherophloia_2	14241626794	28.483253588
E_conglobata_conglobata_3	14262673744	28.525347488
E_kochii_kochii	14350330300	28.7006606
E_dolichorhyncha	14436937170	28.87387434
E_kumarlensis_1	14467714946	28.935429892
E_marginata_Dull_leaf_1	14499700308	28.999400616
E_dalrympleana_Tasmania_1	14532313812	29.064627624
E_leptopoda_arctata_2	14540961376	29.081922752
C_calophylla_2	14545295754	29.090591508
C_chippendalei	14570608958	29.141217916
C_sphaerica	14664464666	29.328929332
E_bancroftii	14698848414	29.397696828
E_erythrocorys_1	14782602822	29.565205644
E_exilipes_2	14823028652	29.646057304
E_victrix_3	14833377598	29.666755196
E_leucophloia_euroa	14861032942	29.722065884
C_calophylla_1	14877510786	29.755021572
E_amygdalina_2	14942051162	29.884102324
E_crucis_lanceolata_2	14945228210	29.89045642
E_vegrandis_vegrandis_1	14953480970	29.90696194
E_elata_1	14962959460	29.92591892
C_leptoloma	14996420806	29.992841612
E_leucophloia_1	14998242886	29.996485772
E_suffulgens	15027786176	30.055572352
E_youngiana_1	15030010254	30.060020508
E_lehmannii_lehmannii	15065223518	30.130447036
E_effusa_exsul_2	15077195660	30.15439132
E_georgei_georgei	15133948520	30.26789704
E_fraseri_fraseri_1	15172241112	30.344482224
E_lockyeri_2	15243175174	30.486350348
E_rameliana	15282948018	30.565896036
E_vegrandis_vegrandis_2	15286724738	30.573449476
E_intertexta_1	15310993984	30.621987968
E_sp_Queen_Victoria_Spring_2	15378561146	30.757122292
E_pauciflora_parvifructa_2	15433278960	30.86655792
E_tereticornis_tereticornis_3	15483488162	30.966976324
E_grossa_1	15486655406	30.973310812
E_tereticornis_tereticornis_2	15497054250	30.9941085
E_celastroides_celastroides	15524729406	31.049458812
E_petraea_1	15574735980	31.14947196
C_setosa_pedicellaris_x_C_brachycarpa	15586124630	31.17224926
E_decipiens_1	15614938046	31.229876092
E_rigidula_4	15651100376	31.302200752
E_microcarpa	15657807370	31.31561474
E_olivina_2	15663967418	31.327934836
E_quaerenda_2	15698900984	31.397801968
E_blaxellii_2	15700987784	31.401975568
E_formanii_Broadxleaf_3	15706395954	31.412791908
E_molyneuxii	15712178850	31.4243577
E_quadrans	15723170986	31.446341972
E_cylindrocarpa_2	15734827692	31.469655384
E_fergusonii_dorsiventralis	15735487322	31.470974644
E_chloroclada_2	15786132586	31.572265172
E_mimica_continens	15790387994	31.580775988
E_diminuta_1	15802510938	31.605021876
E_brevipes_2	15812960462	31.625920924
E_erythrocorys_4	15838057848	31.676115696
E_sp_Mulga_Rock_3	15953918216	31.907836432
E_carnei	15958388564	31.916777128
E_sp_Kalbarri_1	15974667518	31.949335036
E_arachnaea_arrecta_1	15977908034	31.955816068
E_x_bunyip_2	16000324318	32.000648636
E_kingsmillii_2	16019603098	32.039206196
E_myriadena_4	16021485100	32.0429702
E_bakeri	16102402002	32.204804004
E_loxophleba_loxophleba	16118123650	32.2362473
E_dundasii	16160880160	32.32176032
E_longissima	16207596448	32.415192896
E_x_carolaniae_2	16248599868	32.497199736
E_quaerenda_1	16266364854	32.532729708
E_pallida	16275444398	32.550888796
E_laevis	16342109662	32.684219324
E_aridomontana_3	16418653750	32.8373075
E_myriadena_2	16432624952	32.865249904
E_goniocalyx_viridissima	16452660478	32.905320956
E_baueriana	16463312776	32.926625552
E_marginata_Dull_leaf_2	16465677658	32.931355316
C_petalophylla	16471852536	32.943705072
E_patellaris	16487530082	32.975060164
E_sp_Great_Victoria_Desert_4	16547338102	33.094676204
E_loxophleba_supralaevis_1	16583609774	33.167219548
E_striaticalyx_2	16599628780	33.19925756
E_exilipes_1	16602083212	33.204166424
E_loxophleba_lissophloia	16605266520	33.21053304
E_planipes_1	16633470702	33.266941404
E_peninsularis_1	16649188756	33.298377512
E_acies	16668800516	33.337601032
E_pachycalyx_pachycalyx	16680428924	33.360857848
E_x_walshii_2	16687840236	33.375680472
E_cordata_quadrangulosa_2	16769027654	33.538055308
E_diversifolia_diversifolia	16771288686	33.542577372
E_eudesmioides_1	16771867974	33.543735948
E_planipes_4	16838681046	33.677362092
E_insularis_continentalis	16863131320	33.72626264
E_leucophloia_2	16868684710	33.73736942
E_pileata_4	16898696244	33.797392488
E_socialis_socialis_1	16914851486	33.829702972
E_educta_1	16932650280	33.86530056
E_salubris	16966173722	33.932347444
E_platyphylla	16968536982	33.937073964
E_phaenophylla_2	16978166564	33.956333128
E_eremicola_peeneri_1	16986027910	33.97205582
E_adesmophloia	17041309800	34.0826196
E_rupestris_2	17041363058	34.082726116
E_synandra_1	17064123914	34.128247828
E_morrisbyi_2	17064923640	34.12984728
E_sargentii_sargentii_3	17065941284	34.131882568
E_erythrocorys_3	17150251666	34.300503332
E_lansdowneana	17155012850	34.3100257
E_cosmophylla_1	17156500040	34.31300008
E_ebbanoensis_ebbanoensis	17157023232	34.314046464
E_indurata_2	17160287188	34.320574376
E_melanophitra	17175128730	34.35025746
E_grasbyi_1	17193914680	34.38782936
E_dorrigoensis	17218240880	34.43648176
E_myriadena_3	17241551580	34.48310316
E_horistes_horistes_2	17256511576	34.513023152
E_x_bunyip_1	17264405390	34.52881078
E_praetermissa	17268828314	34.537656628
E_pauciflora_parvifructa_1	17285021364	34.570042728
E_capillosa_3	17335591860	34.67118372
E_yilgarnensis_2	17339771140	34.67954228
E_x_pruiniramis	17344582158	34.689164316
E_lesouefii	17365453376	34.730906752
E_corynodes	17394695822	34.789391644
E_protensa	17405269282	34.810538564
E_pileata_1	17406982328	34.813964656
E_synandra_2	17423446740	34.84689348
E_goniocarpa	17429991964	34.859983928
E_aspersa	17448644714	34.897289428
E_platydisca	17460688224	34.921376448
E_mimica_mimica	17470992524	34.941985048
E_camaldulensis_camaldulensis	17474187582	34.948375164
E_pluricaulis_porphyrea	17478188772	34.956377544
E_cornuta	17483462132	34.966924264
E_leptopoda_elevata	17496655306	34.993310612
E_caesia_magna_4	17503537722	35.007075444
E_synandra_4	17540213170	35.08042634
E_grasbyi_2	17574126426	35.148252852
E_notactites	17594352368	35.188704736
E_perangusta	17603328642	35.206657284
E_socialis_victoriensis_1	17619983632	35.239967264
E_exilis_1	17628947338	35.257894676
E_rigidula_10	17655999066	35.311998132
E_argutifolia	17669258278	35.338516556
E_spreta	17678904092	35.357808184
E_remota	17688098762	35.376197524
C_haematoxylon	17716620210	35.43324042
C_leichhardii_1	17722869596	35.445739192
E_tumida	17772775822	35.545551644
E_astringens_redacta_2	17777159596	35.554319192
E_histophylla_1	17785350060	35.57070012
E_incerata	17785390838	35.570781676
E_tenera_1	17792601432	35.585202864
E_oleosa_ampliata_1	17813627388	35.627254776
E_baiophylla	17863881770	35.72776354
E_elata_2	17865361468	35.730722936
E_crucis_lanceolata_1	17874995544	35.749991088
E_myriadena_6	17885188040	35.77037608
E_macrandra_1	17885525438	35.771050876
E_aequioperta	17885563314	35.771126628
E_subangusta_pusilla	17904413810	35.80882762
E_subtilis_2	17914599032	35.829198064
E_rummeryi	17958340392	35.916680784
E_planipes_3	17973328250	35.9466565
E_socialis_socialis_2	17979863510	35.95972702
E_gillenii_1	17983254932	35.966509864
E_jensenii	18046177956	36.092355912
E_dendromorpha	18066966354	36.133932708
E_viminalis_cygnetensis	18070305800	36.1406116
E_aspratilis_3	18084245566	36.168491132
E_macrocarpa_macrocarpa	18084459414	36.168918828
E_wandoo_wandoo	18091452202	36.182904404
E_sp_Southern_wheatbelt_1	18110031246	36.220062492
C_trachyphloia_amphistomatica	18118291988	36.236583976
E_suggrandis_suggrandis_1	18119838776	36.239677552
E_grossa_2	18141004958	36.282009916
E_cernua	18159268536	36.318537072
E_gomphocephala_x_E_zopherophloia_1	18211585516	36.423171032
E_ewartiana	18229394850	36.4587897
E_glomerosa_1	18234089380	36.46817876
E_clelandii	18247216742	36.494433484
E_rugosa	18249294326	36.498588652
E_armillata	18250647900	36.5012958
E_subtilis_1	18251642354	36.503284708
E_erythrocorys_2	18255018876	36.510037752
E_atrata_2	18274977962	36.549955924
E_litorea	18279658666	36.559317332
E_websteriana_1	18300961192	36.601922384
E_grasbyi_4	18302653032	36.605306064
E_scoparia	18322256812	36.644513624
E_redunca	18322643228	36.645286456
E_sp_Sullivan_Soak_4	18331243992	36.662487984
E_oligantha_3	18333947304	36.667894608
E_eudesmioides_2	18338896494	36.677792988
E_sp_Great_Victoria_Desert_1	18339397204	36.678794408
E_arachnaea_arrecta_2	18348071860	36.69614372
E_sporadica_2	18349879212	36.699758424
E_beardiana_2	18376766920	36.75353384
E_zopherophloia	18384838376	36.769676752
E_sporadica_4	18390880514	36.781761028
E_recta_2	18410467112	36.820934224
E_aspratilis_1	18462504220	36.92500844
E_planipes_5	18475804574	36.951609148
E_oxymitra_1	18496225538	36.992451076
E_terebra	18559939154	37.119878308
E_leptopoda_subluta	18590327378	37.180654756
E_orbifolia	18614720814	37.229441628
E_dolichocera	18626866558	37.253733116
E_corrugata	18627464424	37.254928848
E_pluricaulis_pluricaulis	18649874414	37.299748828
E_histophylla_2	18660812242	37.321624484
E_codonocarpa_2	18669955866	37.339911732
E_sp_South_Newdegate_Lakes	18670785392	37.341570784
E_brevistylis	18721215634	37.442431268
E_nebulosa_2	18728190960	37.45638192
E_formanii_Broadxleaf_1	18737346800	37.4746936
E_subangusta_subangusta	18766611058	37.533222116
E_utilis_1	18797293192	37.594586384
E_formanii_formanii_3	18800044400	37.6000888
C_tessellaris_3	18806766020	37.61353204
E_tereticornis_tereticornis_1	18822267888	37.644535776
E_nebulosa_1	18849619070	37.69923814
E_conglobata_conglobata_4	18853313254	37.706626508
E_sheathiana_2	18870566402	37.741132804
E_ewartiana_x_E_leptopoda_arctata	18877351752	37.754703504
E_x_carolaniae_1	18915123888	37.830247776
E_megacornuta	18931898224	37.863796448
E_erythronema_inornata	18938413202	37.876826404
E_glaucina_1	18967898346	37.935796692
E_olivina_1	18985969726	37.971939452
E_horistes_horistes_3	18988422604	37.976845208
E_calcareana_2	18990349402	37.980698804
E_desmondensis	19021240802	38.042481604
E_agglomerata	19033269314	38.066538628
E_optima	19114877740	38.22975548
E_yilgarnensis_3	19123736870	38.24747374
E_mannensis_mannensis	19130568206	38.261136412
E_blaxellii_1	19174829506	38.349659012
C_trachyphloia_trachyphloia_2	19181002984	38.362005968
E_sp_Cable_Haul_Road_1	19187203198	38.374406396
E_leucoxylon_megalocarpa_2	19198501676	38.397003352
E_websteriana_5	19202096254	38.404192508
E_camaldulensis_simulata	19210930416	38.421860832
E_myriadena_1	19245623498	38.491246996
E_leptopoda_arctata_1	19251327064	38.502654128
E_oraria_2	19253128488	38.506256976
E_recta_1	19287520700	38.5750414
E_xerothermica_2	19320120366	38.640240732
E_caesia_caesia_2	19328223900	38.6564478
E_gomphocephala	19334587862	38.669175724
E_sheathiana_4	19375979472	38.751958944
C_tessellaris_1	19377788982	38.755577964
E_rosacea_1	19400019480	38.80003896
E_viminalis_hentyensis_2	19401124798	38.802249596
E_sp_Queen_Victoria_Spring_1	19424159908	38.848319816
E_falcata	19431648880	38.86329776
E_behriana_x_E_xodorata	19440247730	38.88049546
E_dorrigoensis_x_E_xsaligna	19447640300	38.8952806
E_arborella	19474843112	38.949686224
E_calcareana_1	19480633678	38.961267356
E_sheathiana_1	19484460628	38.968921256
E_caesia_Boyagin_Rock_2	19491895222	38.983790444
E_loxophleba_supralaevis_2	19518217690	39.03643538
C_candida	19518506180	39.03701236
E_apodophylla_2	19550976554	39.101953108
E_brockwayi	19557188894	39.114377788
E_angulosa_3	19582502290	39.16500458
C_papillosa	19603300638	39.206601276
E_diminuta_3	19608095262	39.216190524
E_camaldulensis_arida_3	19632079900	39.2641598
E_sporadica_1	19638347152	39.276694304
E_websteriana_2	19656970566	39.313941132
E_cosmophylla_2	19684417314	39.368834628
E_drepanophylla_4	19687755656	39.375511312
E_oleosa_ampliata_2	19712058298	39.424116596
E_staeri	19731149564	39.462299128
C_ptychocarpa_ptychocarpa	19756678944	39.513357888
E_virginea	19772233226	39.544466452
E_wimmerensis	19807114774	39.614229548
E_x_alpina_1	19809687790	39.61937558
E_celastroides_virella_1	19825524762	39.651049524
E_phenax_phenax	19838572832	39.677145664
E_spectatrix	19855625438	39.711250876
E_gamophylla	19865437224	39.730874448
E_uncinata_uncinata_1	19870185184	39.740370368
E_educta_2	19887272866	39.774545732
E_preissiana_lobata_2	19892905718	39.785811436
E_brandiana	19893173884	39.786347768
E_diminuta_2	19893471482	39.786942964
A_leiocarpa_1	19897560772	39.795121544
E_macrocarpa_elachantha	19903073248	39.806146496
E_camaldulensis_arida_5	19909982074	39.819964148
E_pimpiniana	19916386838	39.832773676
E_codonocarpa_1	19920962680	39.84192536
E_cordata_quadrangulosa_1	19923642934	39.847285868
E_diminuta_4	19939771756	39.879543512
C_maculata	19964583298	39.929166596
E_arachnaea_x_E_pluricaulis_intergrade_1	19977295042	39.954590084
E_dumosa	20005946860	40.01189372
E_cyclostoma	20046257734	40.092515468
C_arnhemensis	20066903416	40.133806832
E_steedmanii	20067301522	40.134603044
E_leucophylla_1	20088211264	40.176422528
E_preissiana_lobata_3	20107898682	40.215797364
E_crucis_lanceolata_3	20172378050	40.3447561
E_socialis_viridans	20180938158	40.361876316
E_flindersii_1	20184207574	40.368415148
E_rigidula_11	20224007684	40.448015368
E_foliosa	20226498318	40.452996636
E_sp_Kalbarri_2	20237828054	40.475656108
E_sp_Mulga_Rock_4	20242276214	40.484552428
E_occidentalis	20242328770	40.48465754
E_oligantha_5	20250915684	40.501831368
E_socialis_victoriensis_2	20304127564	40.608255128
E_rubiginosa	20315309306	40.630618612
E_expressa	20316228672	40.632457344
E_leptophylla_3	20332998840	40.66599768
E_albopurpurea_4	20349860324	40.699720648
E_petrensis	20383867278	40.767734556
E_brevipes_1	20387034748	40.774069496
E_perriniana_2	20395942684	40.791885368
E_grisea	20424390534	40.848781068
E_populnea_bimbil	20437766788	40.875533576
E_astringens_redacta_3	20452112542	40.904225084
E_caleyi_caleyi_x_ovendenii_intergrade	20489836220	40.97967244
E_lucasii_2	20504498560	41.00899712
E_opimiflora	20543571594	41.087143188
E_baudiniana_x_E_oraria_intergrade_1	20556273914	41.112547828
E_guilfoylei_1	20589538866	41.179077732
E_diminuta_5	20610687710	41.22137542
E_aequioperta_x_E_sheathiana	20636323084	41.272646168
E_neutra_2	20640194444	41.280388888
E_grasbyi_3	20645096696	41.290193392
E_phenax_compressa	20666270204	41.332540408
E_captiosa	20667164258	41.334328516
E_tenuis	20695378532	41.390757064
E_glaucina_2	20731967236	41.463934472
E_flavida	20761906420	41.52381284
E_drepanophylla_2	20767628072	41.535256144
E_sp_Cable_Haul_Road_2	20789928882	41.579857764
E_beardiana_1	20811843248	41.623686496
E_relicta	20843172726	41.686345452
E_deflexa	20843944184	41.687888368
E_sp_Lake_Magenta_1	20891793374	41.783586748
E_leptopoda_leptopoda	20920705870	41.84141174
E_campaspe	20932059624	41.864119248
E_amygdalina_1	20933418694	41.866837388
E_botryoides	20956880012	41.913760024
E_trivalva_2	20968557002	41.937114004
E_capillosa_1	21003494136	42.006988272
E_angulosa_2	21037820442	42.075640884
E_stowardii_2	21042223600	42.0844472
E_planipes_2	21060450012	42.120900024
E_kruseana_2	21129704104	42.259408208
E_pyrocarpa	21234422118	42.468844236
E_loxophleba_gratiae	21249859346	42.499718692
E_baxteri_2	21253808010	42.50761602
E_subangusta_cerina	21321270518	42.642541036
E_tortilis	21333507364	42.667014728
E_sabulosa_x_E_ovata_ovata	21391536548	42.783073096
E_victrix_1	21400826730	42.80165346
E_xerothermica_3	21405871692	42.811743384
E_rigidula_7	21414818802	42.829637604
E_georgei_fulgida	21447502004	42.895004008
E_woodwardii_1	21469711702	42.939423404
E_canescens_beadellii	21510514754	43.021029508
E_angustissima	21545402414	43.090804828
E_drepanophylla_1	21555752400	43.1115048
E_jacksonii_2	21558580584	43.117161168
E_x_impensa	21560028842	43.120057684
E_leptophylla_2	21574064008	43.148128016
E_incrassata_3	21577538388	43.155076776
E_sp_Kitchener_2	21598779746	43.197559492
E_revelata_ms	21607944132	43.215888264
E_sp_Kitchener_1	21619785462	43.239570924
E_kessellii_eugnosta_2	21627739790	43.25547958
E_sargentii_sargentii_1	21637016984	43.274033968
E_rigidula_6	21658473652	43.316947304
E_petiolaris_2	21667473688	43.334947376
E_rigidula_13	21672802116	43.345604232
E_behriana	21709753066	43.419506132
E_xanthonema_xanthonema	21725253894	43.450507788
E_sp_Dartmoor_1	21728990366	43.457980732
E_platypus_platypus_1	21744667628	43.489335256
E_hebetifolia	21796316414	43.592632828
E_peninsularis_3	21798812188	43.597624376
E_deanei	21922386660	43.84477332
E_aspratilis_2	21925746432	43.851492864
E_ebbanoensis_photina	21926840826	43.853681652
E_desmondensis_x_E_occidentalis	21935138404	43.870276808
E_kessellii_eugnosta_1	21941726060	43.88345212
E_educta_3	21981452168	43.962904336
E_viminalis_hentyensis_1	21986929686	43.973859372
E_alatissima_1	22034401462	44.068802924
E_xanthonema_apposita	22052021736	44.104043472
E_decipiens_2	22101796590	44.20359318
E_rigens	22107919368	44.215838736
C_rhodops	22118392570	44.23678514
E_cylindrocarpa_1	22137823940	44.27564788
E_cooperiana_3	22147474272	44.294948544
C_variegata	22150533650	44.3010673
E_sp_Great_Victoria_Desert_2	22155439232	44.310878464
E_rigidula_12	22158687170	44.31737434
E_rigidula_2	22176219082	44.352438164
E_spathulata_spathulata	22184029312	44.368058624
E_perriniana_1	22320860776	44.641721552
E_jacksonii_1	22322842486	44.645684972
C_scabrida	22323240954	44.646481908
E_confluens	22360162776	44.720325552
E_rubida_canobolensis	22391475748	44.782951496
E_tephroclada	22414343596	44.828687192
E_sp_Lake_Magenta_2	22427509072	44.855018144
E_aridomontana_1	22438643756	44.877287512
E_peninsularis_2	22438927798	44.877855596
E_ornata	22458147872	44.916295744
E_leptopoda_arctata_3	22472283110	44.94456622
E_polybractea_1	22515053326	45.030106652
E_horistes_Southern_smooth_1	22523295562	45.046591124
C_polycarpa_1	22552820050	45.1056401
E_sp_Sullivan_Soak_3	22561337764	45.122675528
E_petraea_2	22574743326	45.149486652
E_longirostrata	22592525780	45.18505156
E_punctata_1	22594246766	45.188493532
E_camaldulensis_arida_4	22703550942	45.407101884
E_sideroxylon	22714682766	45.429365532
E_x_hawkeri_2	22721172260	45.44234452
E_merrickiae	22785352022	45.570704044
E_cladocalyx_crassa	22789474212	45.578948424
C_tessellaris_2	22862755628	45.725511256
E_melanophloia	22912056944	45.824113888
E_tricarpa	22917955670	45.83591134
E_patens	22965796722	45.931593444
E_websteriana_4	23003646454	46.007292908
E_cerasiformis	23036000456	46.072000912
E_oraria_1	23109303558	46.218607116
E_ovata_ovata_2	23173177084	46.346354168
E_leptopoda_x_E_oldfieldii_intergrade	23183776072	46.367552144
E_annulata	23186688956	46.373377912
E_neutra_1	23191091136	46.382182272
E_sp_Dartmoor_2	23191175368	46.382350736
E_caesia_magna_3	23205204786	46.410409572
E_utilis_3	23219431436	46.438862872
A_leiocarpa_2	23233030604	46.466061208
E_flindersii_2	23256454022	46.512908044
E_wandoo_pulverea_1	23276993640	46.55398728
E_uncinata_Esperance_Plains_2	23287684626	46.575369252
E_celastroides_virella_2	23309522680	46.61904536
E_websteriana_3	23323309292	46.646618584
E_rigidula_5	23402036180	46.80407236
E_megacarpa_1	23403292506	46.806585012
E_insulana	23417594524	46.835189048
E_baudiniana_2	23444050046	46.888100092
E_sp_Southern_wheatbelt_2	23456731968	46.913463936
C_setosa_setosa	23505328090	47.01065618
E_lucasii_1	23536811978	47.073623956
E_camaldulensis_arida_2	23538236316	47.076472632
E_flocktoniae_flocktoniae_1	23560083244	47.120166488
E_tenera_2	23581297826	47.162595652
E_yilgarnensis_1	23649038154	47.298076308
E_petiolaris_1	23655914720	47.31182944
E_glomerosa_2	23664379344	47.328758688
E_behriana_x_E_largiflorens	23678500708	47.357001416
E_ecostata_2	23694035592	47.388071184
E_apothalassica	23731982464	47.463964928
E_petraea_3	23755396474	47.510792948
E_capillosa_4	23764812972	47.529625944
E_diptera	23852203930	47.70440786
E_rigidula_1	23886713108	47.773426216
E_lockyeri_1	23896712236	47.793424472
E_misella	23898055252	47.796110504
E_morrisbyi_1	23923935784	47.847871568
E_caesia_magna_2	24096433340	48.19286668
E_effusa_effusa	24164104586	48.328209172
E_dalrympleana_heptantha_2	24206663930	48.41332786
E_x_redimulicifera	24217229598	48.434459196
E_uncinata_Esperance_Plains_1	24228319124	48.456638248
E_salmonophloia	24297034626	48.594069252
E_uncinata_uncinata_2	24354615108	48.709230216
E_pulverulenta	24412925280	48.82585056
E_leucoxylon_megalocarpa_3	24419524684	48.839049368
E_caesia_magna_5	24471770274	48.943540548
E_sweedmaniana	24496862218	48.993724436
E_x_alpina_2	24506813748	49.013627496
E_calycogona_calycogona_2	24516525586	49.033051172
E_sheathiana_3	24601279196	49.202558392
E_wandoo_pulverea_2	24617785622	49.235571244
E_thozetiana	24672220906	49.344441812
E_fraseri_fraseri_2	24756816138	49.513632276
E_sporadica_5	24771701354	49.543402708
C_eremaea_oligiocarpa	24931977004	49.863954008
E_albens_2	24955088540	49.91017708
E_fraseri_melanobasis	24968087084	49.936174168
E_utilis_2	24985628608	49.971257216
E_balladoniensis_balladoniensis	25013606568	50.027213136
C_calophylla_3	25021094650	50.0421893
E_dielsii_2	25035944958	50.071889916
E_sporadica_3	25052667656	50.105335312
E_caesia_Boyagin_Rock_1	25058866932	50.117733864
E_ochrophloia	25070032596	50.140065192
E_grandis	25093121100	50.1862422
C_ficifolia	25139843254	50.279686508
E_hypolaena	25213259188	50.426518376
E_assimilans_2	25346427232	50.692854464
E_caesia_caesia_1	25351232282	50.702464564
E_albopurpurea_3	25354823988	50.709647976
E_neutra_5	25397383136	50.794766272
C_leichhardii_2	25425059634	50.850119268
E_drepanophylla_3	25435069822	50.870139644
E_drummondii_2	25504893720	51.00978744
E_eugenioides	25557684402	51.115368804
E_frenchiana	25601415954	51.202831908
E_cooperiana_1	25697176114	51.394352228
E_exigua	25712873278	51.425746556
E_phaenophylla_3	25828758764	51.657517528
E_camaldulensis_refulgens_2	25876295702	51.752591404
E_conglobata_conglobata_5	25911607396	51.823214792
E_obesa_2	25927843296	51.855686592
E_mackintii	25993646244	51.987292488
E_gardneri_gardneri	26080089558	52.160179116
E_subtilis_3	26098051728	52.196103456
E_x_balanopelex	26136951382	52.273902764
E_sargentii_sargentii_2	26335135626	52.670271252
E_burracoppinensis	26348936200	52.6978724
E_ovata_ovata_1	26354465140	52.70893028
E_indurata_1	26477866094	52.955732188
E_exilis_2	26494747644	52.989495288
E_rosacea_2	26534978602	53.069957204
E_aenea	26607845962	53.215691924
E_myriadena_5	26608697020	53.21739404
E_latens_3	26691967274	53.383934548
E_marginata	26847618248	53.695236496
E_rudis_cratyantha_3	26959772166	53.919544332
E_dissimulata_1	26975842614	53.951685228
E_urna_2	27036939464	54.073878928
E_rudis_cratyantha_2	27098425748	54.196851496
E_dielsii_1	27122841626	54.245683252
E_rudis_cratyantha_1	27255395998	54.510791996
E_polybractea_2	27289005506	54.578011012
E_raveretiana	27306639220	54.61327844
E_dalrympleana_heptantha_1	27448410306	54.896820612
E_decipiens_3	27449657780	54.89931556
E_camaldulensis_refulgens_1	27571261736	55.142523472
E_canescens_canescens	27599903808	55.199807616
E_melanoxylon	27738631328	55.477262656
E_xerothermica_1	27798075264	55.596150528
C_deserticola_deserticola_2	27901978942	55.803957884
E_apodophylla_1	28071870274	56.143740548
E_baxteri_1	28135206382	56.270412764
E_kingsmillii_1	28220595736	56.441191472
E_minniritchi	28306816496	56.613632992
E_flocktoniae_flocktoniae_3	28485301398	56.970602796
E_horistes_Southern_smooth_2	28615452956	57.230905912
E_atrata_1	28653810516	57.307621032
E_oligantha_4	28661664716	57.323329432
E_dwyeri	28708869616	57.417739232
E_halophila	29129330300	58.2586606
E_jucunda	29217010344	58.434020688
E_caliginosa	29332339550	58.6646791
E_guilfoylei_2	29536596374	59.073192748
E_baudiniana_x_E_oraria_intergrade_2	29697432040	59.39486408
C_polycarpa_2	29750612160	59.50122432
E_sp_Mulga_Rock_1	30027890754	60.055781508
E_tereticornis_rotunda_2	30066697548	60.133395096
E_suggrandis_promiscua	30363066952	60.726133904
E_oligantha_2	30480986184	60.961972368
E_alipes	30572148988	61.144297976
E_pruinosa_pruinosa	30596934318	61.193868636
E_kondininensis	30626807750	61.2536155
E_dissimulata_2	30734491778	61.468983556
E_arenacea	30834253608	61.668507216
C_deserticola_deserticola_1	31029685302	62.059370604
E_shirleyi	31490654220	62.98130844
E_deuaensis	31862263748	63.724527496
E_sicilifolia	31895880810	63.79176162
C_chlorolampra	31957835202	63.915670404
E_sp_Sullivan_Soak_2	33177719972	66.355439944
E_stowardii_1	33470545092	66.941090184
E_calcicola_unita_1	33630576164	67.261152328
E_arachnaea_arachnaea	33719082994	67.438165988
E_kitsoniana_x_E_ovata_subp_grandiflora	33759710272	67.519420544
E_infera	34302489708	68.604979416
E_cooperiana_2	34487126226	68.974252452
E_leucophylla_5	34655699512	69.311399024
E_leptophleba	34664520764	69.329041528
E_pileata_3	35118597794	70.237195588
E_delicata	36970568714	73.941137428
E_alatissima_2	38408355910	76.81671182
E_calcicola_unita_2	39966837224	79.933674448
E_flocktoniae_hebes	40214546842	80.429093684
E_diversifolia_hesperia	40336741692	80.673483384
E_sieberi	40347346270	80.69469254
E_pyriformis	41847495996	83.694991992
E_flocktoniae_flocktoniae_2	42921272816	85.842545632
E_cretata	43264856680	86.52971336
E_youngiana_2	43335158304	86.670316608
E_moderata_1	44029557552	88.059115104
E_flocktoniae_flocktoniae_x_E_occidentalis	44218342934	88.436685868
E_gillii_2	44505618646	89.011237292
E_lehmannii_parallela	44551162438	89.102324876
E_leptocalyx_leptocalyx	44845054078	89.690108156
E_vegrandis_recondita_2	45567522372	91.135044744
E_assimilans_1	46231091196	92.462182392
C_citriodora_2	46623425282	93.246850564
E_socialis_socialis_3	46812015126	93.624030252
A_floribunda	46899858956	93.799717912
E_prominens	47362826392	94.725652784
E_percostata_1	47719677318	95.439354636
C_terminalis	48369166194	96.738332388
E_cupularis	48477479188	96.954958376
E_neutra_6	48496380534	96.992761068
E_albens_1	48515885288	97.031770576
E_percostata_2	49098076188	98.196152376
E_oligantha_1	49567266692	99.134533384
E_cajuputea	49629969622	99.259939244
E_oleosa_cylindroidea	51040657290	102.08131458
E_neutra_3	51712091014	103.424182028
C_aparrerinja	51839347200	103.6786944
E_coolabah	51955321066	103.910642132
E_cadens	52310993818	104.621987636
E_fasciculosa	52801854134	105.603708268
E_leucophylla_4	53010861380	106.02172276
E_latens_1	53994566320	107.98913264
E_crucis_praecipua	54502649536	109.005299072
E_moderata_2	54598429988	109.196859976
E_vegrandis_recondita_1	55524767270	111.04953454
E_gardneri_ravensthorpensis	57417444992	114.834889984
E_sepulcralis	57691075720	115.38215144
E_kumarlensis_2	58312089276	116.624178552
E_oxymitra_2	58472168126	116.944336252
E_gillenii_2	59926369250	119.8527385
E_aridomontana_2	61809188014	123.618376028
E_yumbarrana	62289427524	124.578855048
C_citriodora_1	63857966894	127.715933788
E_sp_Sullivan_Soak_1	64986495278	129.972990556
E_comitaexvallis	67214847604	134.429695208
E_goniantha_goniantha	67761527490	135.52305498
E_neutra_4	71634388188	143.268776376
E_incrassata_4	91215180760	182.43036152
E_urna_1	115473119788	230.946239576
